<?xml version = '1.0' encoding = 'UTF-8'?>
<Diagram class="oracle.dbtools.crest.swingui.relational.DPVRelational" name="Relational_1" id="605CAA56-27BA-8F2C-854F-88827EDCD67A">
<createdBy>Lab</createdBy>
<modifiedBy>Lab</modifiedBy>
<createdTime>2019-06-13 10:50:42 UTC</createdTime>
<autoRoute>false</autoRoute>
<boxInbox>true</boxInbox>
<showLegend>false</showLegend>
<showLabels>false</showLabels>
<showRelAttributes>false</showRelAttributes>
<gridEnabled>false</gridEnabled>
<showGrid>false</showGrid>
<diagramColor>-1</diagramColor>
<display>false</display>
<notation>1</notation>
<objectViews>
<OView class="oracle.dbtools.crest.swingui.relational.TVTable" oid="2E263C77-1E23-190D-F571-7A086B894F79" otype="Table" vid="38B84230-80AB-9C38-588F-1F90CF1CC894">
<hideElementsInCurrentOnly>false</hideElementsInCurrentOnly>
<bounds x="169" y="187" width="170" height="110"/>
<generatorID>00D483AF-8EC1-6018-FF78-BF0B090BBA74</generatorID>
</OView>
<OView class="oracle.dbtools.crest.swingui.relational.TVTable" oid="37DFCC6C-78BC-4763-ABA9-C1C8C6BC43D0" otype="Table" vid="CEF298E1-1EAB-6629-6941-38C36250B84E">
<hideElementsInCurrentOnly>false</hideElementsInCurrentOnly>
<bounds x="429" y="530" width="170" height="110"/>
<generatorID>B1B8A63F-E41E-0620-CC83-E34846801C2B</generatorID>
</OView>
<OView class="oracle.dbtools.crest.swingui.relational.TVTable" oid="46A669F9-3CEC-BC38-5EA8-9016762F1804" otype="Table" vid="03804E23-E712-C823-7EDE-58EADB1790A8">
<hideElementsInCurrentOnly>false</hideElementsInCurrentOnly>
<bounds x="568" y="572" width="323" height="110"/>
</OView>
<OView class="oracle.dbtools.crest.swingui.relational.TVTable" oid="4AC21068-B3A1-B8EE-5E48-AF30CE0E321E" otype="Table" vid="7F0A3A94-8DC2-30AB-86C6-F091B437A61D">
<hideElementsInCurrentOnly>false</hideElementsInCurrentOnly>
<bounds x="640" y="45" width="170" height="110"/>
<generatorID>87DF9D04-BC2F-6B4C-B454-70D5B4B47240</generatorID>
</OView>
<OView class="oracle.dbtools.crest.swingui.relational.TVTable" oid="6E4388D0-9615-D01B-3F2E-9C13945F838C" otype="Table" vid="9F4EEE65-0F73-24B0-3EA0-356FA6A1E93A">
<hideElementsInCurrentOnly>false</hideElementsInCurrentOnly>
<bounds x="854" y="225" width="289" height="110"/>
</OView>
<OView class="oracle.dbtools.crest.swingui.relational.TVTable" oid="880CDC07-78B6-2B73-85F3-9C6EE4A5F659" otype="Table" vid="23F4E051-6248-791B-18F6-B536158EC496">
<hideElementsInCurrentOnly>false</hideElementsInCurrentOnly>
<bounds x="160" y="520" width="170" height="110"/>
<generatorID>F8840692-F081-3E7B-46E1-CBC575201138</generatorID>
</OView>
<OView class="oracle.dbtools.crest.swingui.relational.TVTable" oid="8FACC74B-D3F8-125C-EDF1-AE144EA8648B" otype="Table" vid="A7D67402-94EA-DBB9-3404-FB8516D08C25">
<hideElementsInCurrentOnly>false</hideElementsInCurrentOnly>
<bounds x="427" y="250" width="170" height="110"/>
<generatorID>7B4D90EE-B62F-59D8-3F22-4E580354B3AB</generatorID>
</OView>
<OView class="oracle.dbtools.crest.swingui.relational.TVTable" oid="930E5428-0126-57EF-15E5-3A6FE6E92614" otype="Table" vid="F5F59A6C-10E4-72FC-F7A0-2EBD4E2D9022">
<hideElementsInCurrentOnly>false</hideElementsInCurrentOnly>
<bounds x="698" y="532" width="170" height="110"/>
<generatorID>C088109B-3D86-0B0A-8664-526F7CF23675</generatorID>
</OView>
<OView class="oracle.dbtools.crest.swingui.relational.TVTable" oid="D6724FB7-C1FB-7FFD-7CA6-EAFEFB409963" otype="Table" vid="CCFB829A-25F8-2206-011B-6D00FA003D8E">
<hideElementsInCurrentOnly>false</hideElementsInCurrentOnly>
<bounds x="723" y="355" width="170" height="110"/>
<generatorID>27FB65EB-D6A0-0F30-94AA-B311EF996674</generatorID>
</OView>
</objectViews>
<connectors>
<Connector class="oracle.dbtools.crest.swingui.relational.TVFKRelation" oid="097754E9-13EE-2BFD-F241-7EBFE9B80BB1" otype="FKIndexAssociation" vid_source="7F0A3A94-8DC2-30AB-86C6-F091B437A61D" vid_target="38B84230-80AB-9C38-588F-1F90CF1CC894">
<hideElementsInCurrentOnly>false</hideElementsInCurrentOnly>
<lineWidth>1</lineWidth>
<points>
<point x="640" y="155"/>
<point x="250" y="297"/>
</points>
</Connector>
<Connector class="oracle.dbtools.crest.swingui.relational.TVFKRelation" oid="11B9977D-7ED1-25F4-0682-9611719F6B6C" otype="FKIndexAssociation" vid_source="7F0A3A94-8DC2-30AB-86C6-F091B437A61D" vid_target="9F4EEE65-0F73-24B0-3EA0-356FA6A1E93A">
<hideElementsInCurrentOnly>false</hideElementsInCurrentOnly>
<lineWidth>1</lineWidth>
<points>
<point x="740" y="155"/>
<point x="998" y="225"/>
</points>
</Connector>
<Connector class="oracle.dbtools.crest.swingui.relational.TVFKRelation" oid="1B8BC391-4674-AEFB-FE1C-2A9BBB364364" otype="FKIndexAssociation" vid_source="23F4E051-6248-791B-18F6-B536158EC496" vid_target="A7D67402-94EA-DBB9-3404-FB8516D08C25">
<hideElementsInCurrentOnly>false</hideElementsInCurrentOnly>
<lineWidth>1</lineWidth>
<points>
<point x="160" y="520"/>
<point x="427" y="250"/>
</points>
</Connector>
<Connector class="oracle.dbtools.crest.swingui.relational.TVFKRelation" oid="768CF4F9-BF8C-D613-3DE3-499C0033AE10" otype="FKIndexAssociation" vid_source="23F4E051-6248-791B-18F6-B536158EC496" vid_target="38B84230-80AB-9C38-588F-1F90CF1CC894">
<hideElementsInCurrentOnly>false</hideElementsInCurrentOnly>
<lineWidth>1</lineWidth>
<points>
<point x="235" y="520"/>
<point x="235" y="297"/>
</points>
</Connector>
<Connector class="oracle.dbtools.crest.swingui.relational.TVFKRelation" oid="7C7CE4EF-908F-5F37-24C5-AF4D39849194" otype="FKIndexAssociation" vid_source="A7D67402-94EA-DBB9-3404-FB8516D08C25" vid_target="9F4EEE65-0F73-24B0-3EA0-356FA6A1E93A">
<hideElementsInCurrentOnly>false</hideElementsInCurrentOnly>
<lineWidth>1</lineWidth>
<points>
<point x="517" y="250"/>
<point x="854" y="297"/>
</points>
</Connector>
<Connector class="oracle.dbtools.crest.swingui.relational.TVFKRelation" oid="B7E6F7D3-C697-0630-72FB-2F3BE6C669C5" otype="FKIndexAssociation" vid_source="CEF298E1-1EAB-6629-6941-38C36250B84E" vid_target="A7D67402-94EA-DBB9-3404-FB8516D08C25">
<hideElementsInCurrentOnly>false</hideElementsInCurrentOnly>
<lineWidth>1</lineWidth>
<points>
<point x="429" y="530"/>
<point x="427" y="250"/>
</points>
</Connector>
<Connector class="oracle.dbtools.crest.swingui.relational.TVFKRelation" oid="C3B492D5-7F68-A81D-E228-7F308CF3C65B" otype="FKIndexAssociation" vid_source="CEF298E1-1EAB-6629-6941-38C36250B84E" vid_target="03804E23-E712-C823-7EDE-58EADB1790A8">
<hideElementsInCurrentOnly>false</hideElementsInCurrentOnly>
<lineWidth>1</lineWidth>
<points>
<point x="514" y="640"/>
<point x="568" y="629"/>
</points>
</Connector>
<Connector class="oracle.dbtools.crest.swingui.relational.TVFKRelation" oid="C76A736C-9E95-7E49-E5D3-28CB2C2EBAC4" otype="FKIndexAssociation" vid_source="7F0A3A94-8DC2-30AB-86C6-F091B437A61D" vid_target="A7D67402-94EA-DBB9-3404-FB8516D08C25">
<hideElementsInCurrentOnly>false</hideElementsInCurrentOnly>
<lineWidth>1</lineWidth>
<points>
<point x="640" y="155"/>
<point x="427" y="250"/>
</points>
</Connector>
<Connector class="oracle.dbtools.crest.swingui.relational.TVFKRelation" oid="CF695542-E6CE-8737-599F-0D93D81DABF4" otype="FKIndexAssociation" vid_source="F5F59A6C-10E4-72FC-F7A0-2EBD4E2D9022" vid_target="CCFB829A-25F8-2206-011B-6D00FA003D8E">
<hideElementsInCurrentOnly>false</hideElementsInCurrentOnly>
<lineWidth>1</lineWidth>
<points>
<point x="698" y="532"/>
<point x="723" y="430"/>
</points>
</Connector>
<Connector class="oracle.dbtools.crest.swingui.relational.TVFKRelation" oid="D1FC746B-6222-B607-5014-7E309F73C61C" otype="FKIndexAssociation" vid_source="F5F59A6C-10E4-72FC-F7A0-2EBD4E2D9022" vid_target="03804E23-E712-C823-7EDE-58EADB1790A8">
<hideElementsInCurrentOnly>false</hideElementsInCurrentOnly>
<lineWidth>1</lineWidth>
<points>
<point x="868" y="633"/>
<point x="891" y="633"/>
</points>
</Connector>
<Connector class="oracle.dbtools.crest.swingui.relational.TVFKRelation" oid="DE1C9A7D-6CB3-51CC-CE98-631B2AB3D816" otype="FKIndexAssociation" vid_source="A7D67402-94EA-DBB9-3404-FB8516D08C25" vid_target="CCFB829A-25F8-2206-011B-6D00FA003D8E">
<hideElementsInCurrentOnly>false</hideElementsInCurrentOnly>
<lineWidth>1</lineWidth>
<points>
<point x="427" y="250"/>
<point x="723" y="430"/>
</points>
</Connector>
</connectors>
</Diagram>