<?xml version = '1.0' encoding = 'UTF-8'?>
<Relation class="oracle.dbtools.crest.model.design.logical.Relation" name="Relation_7" directorySegmentName="seg_0" id="1257189C-672A-C19E-C3B9-CE84E3EC1F44">
<createdBy>Lab</createdBy>
<createdTime>2019-06-13 10:39:44 UTC</createdTime>
<ownerDesignName>diag</ownerDesignName>
<engineerTo>
<item key="0E8E6BF7-F005-606B-FA93-BD8ECCD0492D" value="true"/>
</engineerTo>
<sourcePk>986CEC3D-6B6E-7400-A5FB-1A55EC32513E</sourcePk>
<identifying>false</identifying>
<optionalSource>true</optionalSource>
<optionalTarget>false</optionalTarget>
<sourceCardinality>1</sourceCardinality>
<sourceEntity>47027BC6-1A0F-8DD4-033F-DC7D568CDE81</sourceEntity>
<targetCardinalityString>*</targetCardinalityString>
<targetEntity>F1876964-92EE-F18D-F563-662A109CC4E4</targetEntity>
<transferable>true</transferable>
<deleteRule>NO ACTION</deleteRule>
</Relation>