<?xml version = '1.0' encoding = 'UTF-8'?>
<Relation class="oracle.dbtools.crest.model.design.logical.Relation" name="Relation_3" directorySegmentName="seg_0" id="2301E6E8-9304-893C-4D25-D5FD5FE94D74">
<createdBy>Lab</createdBy>
<createdTime>2019-06-13 10:38:18 UTC</createdTime>
<ownerDesignName>diag</ownerDesignName>
<engineerTo>
<item key="0E8E6BF7-F005-606B-FA93-BD8ECCD0492D" value="true"/>
</engineerTo>
<sourcePk>607423E5-6B9E-A5B7-6192-CF15A7715A16</sourcePk>
<identifying>false</identifying>
<optionalSource>true</optionalSource>
<optionalTarget>false</optionalTarget>
<sourceCardinality>1</sourceCardinality>
<sourceEntity>D697EFCC-0A65-8E8D-8A06-31E495195EFF</sourceEntity>
<targetCardinalityString>*</targetCardinalityString>
<targetEntity>F1876964-92EE-F18D-F563-662A109CC4E4</targetEntity>
<transferable>true</transferable>
<deleteRule>NO ACTION</deleteRule>
</Relation>