<?xml version = '1.0' encoding = 'UTF-8'?>
<Relation class="oracle.dbtools.crest.model.design.logical.Relation" name="Relation_17" directorySegmentName="seg_0" id="43E314EE-F66E-C2A3-9F95-158719D98BAC">
<createdBy>Lab</createdBy>
<createdTime>2019-06-13 11:07:28 UTC</createdTime>
<ownerDesignName>diag</ownerDesignName>
<engineerTo>
<item key="0E8E6BF7-F005-606B-FA93-BD8ECCD0492D" value="true"/>
</engineerTo>
<sourcePk>986CEC3D-6B6E-7400-A5FB-1A55EC32513E</sourcePk>
<identifying>true</identifying>
<optionalSource>true</optionalSource>
<optionalTarget>false</optionalTarget>
<sourceCardinality>1</sourceCardinality>
<sourceEntity>47027BC6-1A0F-8DD4-033F-DC7D568CDE81</sourceEntity>
<targetCardinalityString>*</targetCardinalityString>
<targetEntity>BA879AD9-1386-8B0C-42C5-0A62A7EC6EE7</targetEntity>
<transferable>true</transferable>
<deleteRule>NO ACTION</deleteRule>
</Relation>