<?xml version = '1.0' encoding = 'UTF-8'?>
<Relation class="oracle.dbtools.crest.model.design.logical.Relation" name="Relation_9" directorySegmentName="seg_0" id="5445609D-F68D-ADFB-FB2D-78F104FB20D4">
<createdBy>Lab</createdBy>
<createdTime>2019-06-13 10:43:34 UTC</createdTime>
<ownerDesignName>diag</ownerDesignName>
<engineerTo>
<item key="0E8E6BF7-F005-606B-FA93-BD8ECCD0492D" value="true"/>
</engineerTo>
<identifying>false</identifying>
<optionalSource>true</optionalSource>
<optionalTarget>false</optionalTarget>
<sourceCardinality>*</sourceCardinality>
<sourceEntity>F1876964-92EE-F18D-F563-662A109CC4E4</sourceEntity>
<targetCardinalityString>*</targetCardinalityString>
<targetEntity>47027BC6-1A0F-8DD4-033F-DC7D568CDE81</targetEntity>
<transferable>true</transferable>
<deleteRule>NO ACTION</deleteRule>
</Relation>