<?xml version = '1.0' encoding = 'UTF-8'?>
<Relation class="oracle.dbtools.crest.model.design.logical.Relation" name="Relation_16" directorySegmentName="seg_0" id="5B334197-9E78-E323-CE5F-7A7285728C26">
<createdBy>Lab</createdBy>
<createdTime>2019-06-13 11:07:23 UTC</createdTime>
<ownerDesignName>diag</ownerDesignName>
<engineerTo>
<item key="0E8E6BF7-F005-606B-FA93-BD8ECCD0492D" value="true"/>
</engineerTo>
<sourcePk>607423E5-6B9E-A5B7-6192-CF15A7715A16</sourcePk>
<identifying>true</identifying>
<optionalSource>true</optionalSource>
<optionalTarget>false</optionalTarget>
<sourceCardinality>1</sourceCardinality>
<sourceEntity>D697EFCC-0A65-8E8D-8A06-31E495195EFF</sourceEntity>
<targetCardinalityString>*</targetCardinalityString>
<targetEntity>BA879AD9-1386-8B0C-42C5-0A62A7EC6EE7</targetEntity>
<transferable>true</transferable>
<deleteRule>NO ACTION</deleteRule>
</Relation>