<?xml version = '1.0' encoding = 'UTF-8'?>
<Relation class="oracle.dbtools.crest.model.design.logical.Relation" name="Relation_13" directorySegmentName="seg_0" id="8DE501AE-F13E-E0EA-25FF-2A7F2D486103">
<createdBy>Lab</createdBy>
<createdTime>2019-06-13 10:57:00 UTC</createdTime>
<ownerDesignName>diag</ownerDesignName>
<engineerTo>
<item key="0E8E6BF7-F005-606B-FA93-BD8ECCD0492D" value="true"/>
</engineerTo>
<sourcePk>FB56B2DE-22EE-082F-3B99-202C15DD62C4</sourcePk>
<identifying>true</identifying>
<optionalSource>true</optionalSource>
<optionalTarget>false</optionalTarget>
<sourceCardinality>1</sourceCardinality>
<sourceEntity>F1876964-92EE-F18D-F563-662A109CC4E4</sourceEntity>
<targetCardinalityString>*</targetCardinalityString>
<targetEntity>9F3C5CD4-0679-DD64-7D95-F7CA0BA3C9CC</targetEntity>
<transferable>true</transferable>
<deleteRule>NO ACTION</deleteRule>
</Relation>