<?xml version = '1.0' encoding = 'UTF-8'?>
<Relation class="oracle.dbtools.crest.model.design.logical.Relation" name="Relation_8" directorySegmentName="seg_0" id="BA318DBC-A80D-7817-6271-A84BC7D156F3">
<createdBy>Lab</createdBy>
<createdTime>2019-06-13 10:43:26 UTC</createdTime>
<ownerDesignName>diag</ownerDesignName>
<engineerTo>
<item key="0E8E6BF7-F005-606B-FA93-BD8ECCD0492D" value="true"/>
</engineerTo>
<identifying>false</identifying>
<optionalSource>true</optionalSource>
<optionalTarget>false</optionalTarget>
<sourceCardinality>*</sourceCardinality>
<sourceEntity>B5A0DC94-DDB9-BD0A-E672-9799A2350432</sourceEntity>
<targetCardinalityString>*</targetCardinalityString>
<targetEntity>194005E3-EF2B-C714-6128-280B1AE19721</targetEntity>
<transferable>true</transferable>
<deleteRule>NO ACTION</deleteRule>
</Relation>