<?xml version = '1.0' encoding = 'UTF-8'?>
<Relation class="oracle.dbtools.crest.model.design.logical.Relation" name="Relation_5" directorySegmentName="seg_0" id="DE01A671-A0AE-2A7A-6608-E8C4420385CD">
<createdBy>Lab</createdBy>
<createdTime>2019-06-13 10:39:28 UTC</createdTime>
<ownerDesignName>diag</ownerDesignName>
<engineerTo>
<item key="0E8E6BF7-F005-606B-FA93-BD8ECCD0492D" value="true"/>
</engineerTo>
<sourcePk>6FED7BBA-7F3C-B688-8404-93AAB7351BE9</sourcePk>
<identifying>false</identifying>
<optionalSource>true</optionalSource>
<optionalTarget>false</optionalTarget>
<sourceCardinality>1</sourceCardinality>
<sourceEntity>B5A0DC94-DDB9-BD0A-E672-9799A2350432</sourceEntity>
<targetCardinalityString>*</targetCardinalityString>
<targetEntity>F1876964-92EE-F18D-F563-662A109CC4E4</targetEntity>
<transferable>true</transferable>
<deleteRule>NO ACTION</deleteRule>
</Relation>