<?xml version = '1.0' encoding = 'UTF-8'?>
<Relation class="oracle.dbtools.crest.model.design.logical.Relation" name="Relation_15" directorySegmentName="seg_0" id="FA47E434-45A3-3282-61DA-AE383EB31883">
<createdBy>Lab</createdBy>
<createdTime>2019-06-13 10:57:10 UTC</createdTime>
<ownerDesignName>diag</ownerDesignName>
<engineerTo>
<item key="0E8E6BF7-F005-606B-FA93-BD8ECCD0492D" value="true"/>
</engineerTo>
<sourcePk>C2445783-4EE2-655A-97B2-F1647DE68B8B</sourcePk>
<identifying>true</identifying>
<optionalSource>true</optionalSource>
<optionalTarget>false</optionalTarget>
<sourceCardinality>1</sourceCardinality>
<sourceEntity>194005E3-EF2B-C714-6128-280B1AE19721</sourceEntity>
<targetCardinalityString>*</targetCardinalityString>
<targetEntity>9F3C5CD4-0679-DD64-7D95-F7CA0BA3C9CC</targetEntity>
<transferable>true</transferable>
<deleteRule>NO ACTION</deleteRule>
</Relation>