<?xml version = '1.0' encoding = 'UTF-8'?>
<Entity class="oracle.dbtools.crest.model.design.logical.Entity" directorySegmentName="seg_0" id="194005E3-EF2B-C714-6128-280B1AE19721" name="Transport">
<createdBy>Lab</createdBy>
<createdTime>2019-06-13 10:36:00 UTC</createdTime>
<ownerDesignName>diag</ownerDesignName>
<engineerTo>
<item key="0E8E6BF7-F005-606B-FA93-BD8ECCD0492D" value="true"/>
</engineerTo>
<adequatelyNormalized>NO</adequatelyNormalized>
<expectedVolumes>0</expectedVolumes>
<fwdEngineeringStrategyName>Single Table</fwdEngineeringStrategyName>
<growthPercent>0</growthPercent>
<growthType>Year</growthType>
<maxVolumes>9999999</maxVolumes>
<minVolumes>0</minVolumes>
<normalForm>Third</normalForm>
<attributes itemClass="oracle.dbtools.crest.model.design.logical.Attribute">
<Attribute name="nr transportu" id="00B75C18-8479-85DE-4739-62B786585EF6">
<createdBy>Lab</createdBy>
<createdTime>2019-06-13 10:36:09 UTC</createdTime>
<ownerDesignName>diag</ownerDesignName>
<engineerTo>
<item key="0E8E6BF7-F005-606B-FA93-BD8ECCD0492D" value="true"/>
</engineerTo>
<useDomainConstraints>false</useDomainConstraints>
<use>1</use>
<logicalDatatype>LOGDT011</logicalDatatype>
<ownDataTypeParameters>,,</ownDataTypeParameters>
</Attribute>
<Attribute name="rodzaj" id="C3E322E1-2FCC-A50A-EE6F-75CF841485FD">
<createdBy>Lab</createdBy>
<createdTime>2019-06-13 10:36:27 UTC</createdTime>
<ownerDesignName>diag</ownerDesignName>
<engineerTo>
<item key="0E8E6BF7-F005-606B-FA93-BD8ECCD0492D" value="true"/>
</engineerTo>
<nullsAllowed>true</nullsAllowed>
<useDomainConstraints>false</useDomainConstraints>
<use>1</use>
<logicalDatatype>A3A3C77D-0366-9768-FF89-1C25E56881C8</logicalDatatype>
<ownDataTypeParameters>,,</ownDataTypeParameters>
</Attribute>
</attributes>
<identifiers itemClass="oracle.dbtools.crest.model.design.logical.CandidateKey">
<identifier id="C2445783-4EE2-655A-97B2-F1647DE68B8B" name="transport PK">
<createdBy>Lab</createdBy>
<createdTime>2019-06-13 10:36:24 UTC</createdTime>
<ownerDesignName>diag</ownerDesignName>
<shouldEngineer>false</shouldEngineer>
<engineerTo>
<item key="0E8E6BF7-F005-606B-FA93-BD8ECCD0492D" value="false"/>
</engineerTo>
<pk>true</pk>
<usedAttributes>
<attributeRef>00B75C18-8479-85DE-4739-62B786585EF6</attributeRef>
</usedAttributes>
</identifier>
</identifiers>
</Entity>