<?xml version = '1.0' encoding = 'UTF-8'?>
<Entity class="oracle.dbtools.crest.model.design.logical.Entity" directorySegmentName="seg_0" id="47027BC6-1A0F-8DD4-033F-DC7D568CDE81" name="Osoby">
<createdBy>Lab</createdBy>
<createdTime>2019-06-13 10:36:38 UTC</createdTime>
<ownerDesignName>diag</ownerDesignName>
<engineerTo>
<item key="0E8E6BF7-F005-606B-FA93-BD8ECCD0492D" value="true"/>
</engineerTo>
<adequatelyNormalized>NO</adequatelyNormalized>
<expectedVolumes>0</expectedVolumes>
<fwdEngineeringStrategyName>Single Table</fwdEngineeringStrategyName>
<growthPercent>0</growthPercent>
<growthType>Year</growthType>
<maxVolumes>9999999</maxVolumes>
<minVolumes>0</minVolumes>
<normalForm>Third</normalForm>
<attributes itemClass="oracle.dbtools.crest.model.design.logical.Attribute">
<Attribute name="nr osoby" id="E622940A-E004-7DED-1889-70B347C88D1D">
<createdBy>Lab</createdBy>
<createdTime>2019-06-13 10:36:50 UTC</createdTime>
<ownerDesignName>diag</ownerDesignName>
<engineerTo>
<item key="0E8E6BF7-F005-606B-FA93-BD8ECCD0492D" value="true"/>
</engineerTo>
<useDomainConstraints>false</useDomainConstraints>
<use>1</use>
<logicalDatatype>LOGDT011</logicalDatatype>
<ownDataTypeParameters>,,</ownDataTypeParameters>
</Attribute>
<Attribute name="imię" id="74D939D6-C4E6-0988-4661-A39E3ACBDEE9">
<createdBy>Lab</createdBy>
<createdTime>2019-06-13 10:37:01 UTC</createdTime>
<ownerDesignName>diag</ownerDesignName>
<engineerTo>
<item key="0E8E6BF7-F005-606B-FA93-BD8ECCD0492D" value="true"/>
</engineerTo>
<nullsAllowed>true</nullsAllowed>
<useDomainConstraints>false</useDomainConstraints>
<use>1</use>
<logicalDatatype>A3A3C77D-0366-9768-FF89-1C25E56881C8</logicalDatatype>
<ownDataTypeParameters>,,</ownDataTypeParameters>
</Attribute>
<Attribute name="nazwisko" id="F9432931-3C47-532D-8B79-09A2C9D1BEB8">
<createdBy>Lab</createdBy>
<createdTime>2019-06-13 10:37:09 UTC</createdTime>
<ownerDesignName>diag</ownerDesignName>
<engineerTo>
<item key="0E8E6BF7-F005-606B-FA93-BD8ECCD0492D" value="true"/>
</engineerTo>
<nullsAllowed>true</nullsAllowed>
<useDomainConstraints>false</useDomainConstraints>
<use>1</use>
<logicalDatatype>A3A3C77D-0366-9768-FF89-1C25E56881C8</logicalDatatype>
<ownDataTypeParameters>,,</ownDataTypeParameters>
</Attribute>
</attributes>
<identifiers itemClass="oracle.dbtools.crest.model.design.logical.CandidateKey">
<identifier id="986CEC3D-6B6E-7400-A5FB-1A55EC32513E" name="Osoby PK">
<createdBy>Lab</createdBy>
<createdTime>2019-06-13 10:36:58 UTC</createdTime>
<ownerDesignName>diag</ownerDesignName>
<shouldEngineer>false</shouldEngineer>
<engineerTo>
<item key="0E8E6BF7-F005-606B-FA93-BD8ECCD0492D" value="false"/>
</engineerTo>
<pk>true</pk>
<usedAttributes>
<attributeRef>E622940A-E004-7DED-1889-70B347C88D1D</attributeRef>
</usedAttributes>
</identifier>
</identifiers>
</Entity>