<?xml version = '1.0' encoding = 'UTF-8'?>
<Entity class="oracle.dbtools.crest.model.design.logical.Entity" directorySegmentName="seg_0" id="9F3C5CD4-0679-DD64-7D95-F7CA0BA3C9CC" name="Koszt i miejsca">
<createdBy>Lab</createdBy>
<createdTime>2019-06-13 10:56:11 UTC</createdTime>
<ownerDesignName>diag</ownerDesignName>
<engineerTo>
<item key="0E8E6BF7-F005-606B-FA93-BD8ECCD0492D" value="true"/>
</engineerTo>
<adequatelyNormalized>NO</adequatelyNormalized>
<expectedVolumes>0</expectedVolumes>
<fwdEngineeringStrategyName>Single Table</fwdEngineeringStrategyName>
<growthPercent>0</growthPercent>
<growthType>Year</growthType>
<maxVolumes>9999999</maxVolumes>
<minVolumes>0</minVolumes>
<normalForm>Third</normalForm>
<attributes itemClass="oracle.dbtools.crest.model.design.logical.Attribute">
<Attribute name="koszt" id="C125F1E3-C6B7-A359-9A28-13316742E6C9">
<createdBy>Lab</createdBy>
<createdTime>2019-06-13 10:56:23 UTC</createdTime>
<ownerDesignName>diag</ownerDesignName>
<engineerTo>
<item key="0E8E6BF7-F005-606B-FA93-BD8ECCD0492D" value="true"/>
</engineerTo>
<nullsAllowed>true</nullsAllowed>
<useDomainConstraints>false</useDomainConstraints>
<use>1</use>
<logicalDatatype>LOGDT020</logicalDatatype>
<ownDataTypeParameters>,,</ownDataTypeParameters>
</Attribute>
<Attribute name="ilość miejsc" id="5CB77C23-9CE9-889D-B148-3ACFC089C687">
<createdBy>Lab</createdBy>
<createdTime>2019-06-13 10:56:37 UTC</createdTime>
<ownerDesignName>diag</ownerDesignName>
<engineerTo>
<item key="0E8E6BF7-F005-606B-FA93-BD8ECCD0492D" value="true"/>
</engineerTo>
<nullsAllowed>true</nullsAllowed>
<useDomainConstraints>false</useDomainConstraints>
<use>1</use>
<logicalDatatype>LOGDT011</logicalDatatype>
<ownDataTypeParameters>,,</ownDataTypeParameters>
</Attribute>
<Attribute name="nr wyjazdu" id="DC711799-693E-9023-5258-87CFD7CF0118">
<createdBy>Lab</createdBy>
<createdTime>2019-06-13 10:57:00 UTC</createdTime>
<generatorID>8DE501AE-F13E-E0EA-25FF-2A7F2D486103</generatorID>
<ownerDesignName>diag</ownerDesignName>
<engineerTo>
<item key="0E8E6BF7-F005-606B-FA93-BD8ECCD0492D" value="true"/>
</engineerTo>
<referedAttribute>EFA439CD-BFED-8A20-DC37-56195BD0BBF4</referedAttribute>
<useDomainConstraints>false</useDomainConstraints>
<use>1</use>
<logicalDatatype>LOGDT011</logicalDatatype>
<ownDataTypeParameters>,,</ownDataTypeParameters>
</Attribute>
<Attribute name="nr transportu" id="68348B62-B83B-3F33-0799-2A7ABB36E45E">
<createdBy>Lab</createdBy>
<createdTime>2019-06-13 10:57:10 UTC</createdTime>
<generatorID>FA47E434-45A3-3282-61DA-AE383EB31883</generatorID>
<ownerDesignName>diag</ownerDesignName>
<engineerTo>
<item key="0E8E6BF7-F005-606B-FA93-BD8ECCD0492D" value="true"/>
</engineerTo>
<referedAttribute>00B75C18-8479-85DE-4739-62B786585EF6</referedAttribute>
<useDomainConstraints>false</useDomainConstraints>
<use>1</use>
<logicalDatatype>LOGDT011</logicalDatatype>
<ownDataTypeParameters>,,</ownDataTypeParameters>
</Attribute>
</attributes>
<identifiers itemClass="oracle.dbtools.crest.model.design.logical.CandidateKey">
<identifier id="9B63EF22-61C1-E329-C183-B05D915923A3" name="Koszt i miejsca PK">
<createdBy>Lab</createdBy>
<createdTime>2019-06-13 10:57:00 UTC</createdTime>
<ownerDesignName>diag</ownerDesignName>
<shouldEngineer>false</shouldEngineer>
<engineerTo>
<item key="0E8E6BF7-F005-606B-FA93-BD8ECCD0492D" value="false"/>
</engineerTo>
<pk>true</pk>
<usedAttributes>
<attributeRef>DC711799-693E-9023-5258-87CFD7CF0118</attributeRef>
<attributeRef>68348B62-B83B-3F33-0799-2A7ABB36E45E</attributeRef>
</usedAttributes>
</identifier>
</identifiers>
</Entity>