<?xml version = '1.0' encoding = 'UTF-8'?>
<Entity class="oracle.dbtools.crest.model.design.logical.Entity" directorySegmentName="seg_0" id="B5A0DC94-DDB9-BD0A-E672-9799A2350432" name="Wycieczka">
<createdBy>Lab</createdBy>
<createdTime>2019-06-13 10:34:43 UTC</createdTime>
<ownerDesignName>diag</ownerDesignName>
<engineerTo>
<item key="0E8E6BF7-F005-606B-FA93-BD8ECCD0492D" value="true"/>
</engineerTo>
<adequatelyNormalized>NO</adequatelyNormalized>
<expectedVolumes>0</expectedVolumes>
<fwdEngineeringStrategyName>Single Table</fwdEngineeringStrategyName>
<growthPercent>0</growthPercent>
<growthType>Year</growthType>
<maxVolumes>9999999</maxVolumes>
<minVolumes>0</minVolumes>
<normalForm>Third</normalForm>
<attributes itemClass="oracle.dbtools.crest.model.design.logical.Attribute">
<Attribute name="nr trasy" id="6C2A0822-0F9A-3D16-B4FF-3193E75AB13E">
<createdBy>Lab</createdBy>
<createdTime>2019-06-13 10:34:56 UTC</createdTime>
<ownerDesignName>diag</ownerDesignName>
<engineerTo>
<item key="0E8E6BF7-F005-606B-FA93-BD8ECCD0492D" value="true"/>
</engineerTo>
<useDomainConstraints>false</useDomainConstraints>
<use>1</use>
<logicalDatatype>LOGDT011</logicalDatatype>
<ownDataTypeParameters>,,</ownDataTypeParameters>
</Attribute>
<Attribute name="trasa" id="7DF4920C-507E-B220-2225-D87A5F33624D">
<createdBy>Lab</createdBy>
<createdTime>2019-06-13 10:35:22 UTC</createdTime>
<ownerDesignName>diag</ownerDesignName>
<engineerTo>
<item key="0E8E6BF7-F005-606B-FA93-BD8ECCD0492D" value="true"/>
</engineerTo>
<nullsAllowed>true</nullsAllowed>
<useDomainConstraints>false</useDomainConstraints>
<use>1</use>
<logicalDatatype>A3A3C77D-0366-9768-FF89-1C25E56881C8</logicalDatatype>
<ownDataTypeParameters>,,</ownDataTypeParameters>
</Attribute>
</attributes>
<identifiers itemClass="oracle.dbtools.crest.model.design.logical.CandidateKey">
<identifier id="6FED7BBA-7F3C-B688-8404-93AAB7351BE9" name="Wycieczka PK">
<createdBy>Lab</createdBy>
<createdTime>2019-06-13 10:35:20 UTC</createdTime>
<ownerDesignName>diag</ownerDesignName>
<shouldEngineer>false</shouldEngineer>
<engineerTo>
<item key="0E8E6BF7-F005-606B-FA93-BD8ECCD0492D" value="false"/>
</engineerTo>
<pk>true</pk>
<usedAttributes>
<attributeRef>6C2A0822-0F9A-3D16-B4FF-3193E75AB13E</attributeRef>
</usedAttributes>
</identifier>
</identifiers>
</Entity>