<?xml version = '1.0' encoding = 'UTF-8'?>
<Entity class="oracle.dbtools.crest.model.design.logical.Entity" directorySegmentName="seg_0" id="BA879AD9-1386-8B0C-42C5-0A62A7EC6EE7" name="Dostepni piloci">
<createdBy>Lab</createdBy>
<createdTime>2019-06-13 10:44:30 UTC</createdTime>
<ownerDesignName>diag</ownerDesignName>
<engineerTo>
<item key="0E8E6BF7-F005-606B-FA93-BD8ECCD0492D" value="true"/>
</engineerTo>
<adequatelyNormalized>NO</adequatelyNormalized>
<expectedVolumes>0</expectedVolumes>
<fwdEngineeringStrategyName>Single Table</fwdEngineeringStrategyName>
<growthPercent>0</growthPercent>
<growthType>Year</growthType>
<maxVolumes>9999999</maxVolumes>
<minVolumes>0</minVolumes>
<normalForm>Third</normalForm>
<attributes itemClass="oracle.dbtools.crest.model.design.logical.Attribute">
<Attribute name="Dostępność" id="43A56B9D-CE8D-B5C9-E576-0E75224CA927">
<createdBy>Lab</createdBy>
<createdTime>2019-06-13 10:44:53 UTC</createdTime>
<ownerDesignName>diag</ownerDesignName>
<engineerTo>
<item key="0E8E6BF7-F005-606B-FA93-BD8ECCD0492D" value="true"/>
</engineerTo>
<nullsAllowed>true</nullsAllowed>
<useDomainConstraints>false</useDomainConstraints>
<use>1</use>
<logicalDatatype>LOGDT006</logicalDatatype>
<dataTypeSize>1</dataTypeSize>
<ownDataTypeParameters>1,,</ownDataTypeParameters>
</Attribute>
<Attribute name="nr terminu" id="5B2DF250-7F1A-39C5-C09F-14AA1A744F42">
<createdBy>Lab</createdBy>
<createdTime>2019-06-13 11:07:23 UTC</createdTime>
<generatorID>5B334197-9E78-E323-CE5F-7A7285728C26</generatorID>
<ownerDesignName>diag</ownerDesignName>
<engineerTo>
<item key="0E8E6BF7-F005-606B-FA93-BD8ECCD0492D" value="true"/>
</engineerTo>
<referedAttribute>0693BFB6-7E8D-036A-98D7-EB1ADAE1FE03</referedAttribute>
<useDomainConstraints>false</useDomainConstraints>
<use>1</use>
<logicalDatatype>LOGDT011</logicalDatatype>
<ownDataTypeParameters>,,</ownDataTypeParameters>
</Attribute>
<Attribute name="nr osoby" id="6654CF88-9434-F31F-229F-A33BA03D5CBE">
<createdBy>Lab</createdBy>
<createdTime>2019-06-13 11:07:28 UTC</createdTime>
<generatorID>43E314EE-F66E-C2A3-9F95-158719D98BAC</generatorID>
<ownerDesignName>diag</ownerDesignName>
<engineerTo>
<item key="0E8E6BF7-F005-606B-FA93-BD8ECCD0492D" value="true"/>
</engineerTo>
<referedAttribute>E622940A-E004-7DED-1889-70B347C88D1D</referedAttribute>
<useDomainConstraints>false</useDomainConstraints>
<use>1</use>
<logicalDatatype>LOGDT011</logicalDatatype>
<ownDataTypeParameters>,,</ownDataTypeParameters>
</Attribute>
</attributes>
<identifiers itemClass="oracle.dbtools.crest.model.design.logical.CandidateKey">
<identifier id="381E9BF6-3798-7C9F-CA5B-28156B66E241" name="Dostępni przewodnicy PK">
<createdBy>Lab</createdBy>
<createdTime>2019-06-13 10:50:18 UTC</createdTime>
<ownerDesignName>diag</ownerDesignName>
<engineerTo>
<item key="0E8E6BF7-F005-606B-FA93-BD8ECCD0492D" value="true"/>
</engineerTo>
<pk>true</pk>
<usedAttributes>
<attributeRef>5B2DF250-7F1A-39C5-C09F-14AA1A744F42</attributeRef>
<attributeRef>6654CF88-9434-F31F-229F-A33BA03D5CBE</attributeRef>
</usedAttributes>
</identifier>
</identifiers>
</Entity>