<?xml version = '1.0' encoding = 'UTF-8'?>
<Entity class="oracle.dbtools.crest.model.design.logical.Entity" directorySegmentName="seg_0" id="D697EFCC-0A65-8E8D-8A06-31E495195EFF" name="Terminy">
<createdBy>Lab</createdBy>
<createdTime>2019-06-13 10:33:16 UTC</createdTime>
<ownerDesignName>diag</ownerDesignName>
<engineerTo>
<item key="0E8E6BF7-F005-606B-FA93-BD8ECCD0492D" value="true"/>
</engineerTo>
<adequatelyNormalized>NO</adequatelyNormalized>
<expectedVolumes>0</expectedVolumes>
<fwdEngineeringStrategyName>Single Table</fwdEngineeringStrategyName>
<growthPercent>0</growthPercent>
<growthType>Year</growthType>
<maxVolumes>9999999</maxVolumes>
<minVolumes>0</minVolumes>
<normalForm>Third</normalForm>
<attributes itemClass="oracle.dbtools.crest.model.design.logical.Attribute">
<Attribute name="nr terminu" id="0693BFB6-7E8D-036A-98D7-EB1ADAE1FE03">
<createdBy>Lab</createdBy>
<createdTime>2019-06-13 10:33:30 UTC</createdTime>
<ownerDesignName>diag</ownerDesignName>
<engineerTo>
<item key="0E8E6BF7-F005-606B-FA93-BD8ECCD0492D" value="true"/>
</engineerTo>
<useDomainConstraints>false</useDomainConstraints>
<use>1</use>
<logicalDatatype>LOGDT011</logicalDatatype>
<ownDataTypeParameters>,,</ownDataTypeParameters>
</Attribute>
<Attribute name="data" id="33934A71-103E-8E3B-B31F-B0B1FDB7BB60">
<createdBy>Lab</createdBy>
<createdTime>2019-06-13 10:33:49 UTC</createdTime>
<ownerDesignName>diag</ownerDesignName>
<engineerTo>
<item key="0E8E6BF7-F005-606B-FA93-BD8ECCD0492D" value="true"/>
</engineerTo>
<nullsAllowed>true</nullsAllowed>
<useDomainConstraints>false</useDomainConstraints>
<use>1</use>
<logicalDatatype>LOGDT007</logicalDatatype>
<ownDataTypeParameters>,,</ownDataTypeParameters>
</Attribute>
</attributes>
<identifiers itemClass="oracle.dbtools.crest.model.design.logical.CandidateKey">
<identifier id="607423E5-6B9E-A5B7-6192-CF15A7715A16" name="Terminy PK">
<createdBy>Lab</createdBy>
<createdTime>2019-06-13 10:33:46 UTC</createdTime>
<ownerDesignName>diag</ownerDesignName>
<shouldEngineer>false</shouldEngineer>
<engineerTo>
<item key="0E8E6BF7-F005-606B-FA93-BD8ECCD0492D" value="false"/>
</engineerTo>
<pk>true</pk>
<usedAttributes>
<attributeRef>0693BFB6-7E8D-036A-98D7-EB1ADAE1FE03</attributeRef>
</usedAttributes>
</identifier>
</identifiers>
</Entity>