<?xml version = '1.0' encoding = 'UTF-8'?>
<Entity class="oracle.dbtools.crest.model.design.logical.Entity" directorySegmentName="seg_0" id="F1876964-92EE-F18D-F563-662A109CC4E4" name="Wyjazd">
<createdBy>Lab</createdBy>
<createdTime>2019-06-13 10:32:17 UTC</createdTime>
<ownerDesignName>diag</ownerDesignName>
<engineerTo>
<item key="0E8E6BF7-F005-606B-FA93-BD8ECCD0492D" value="true"/>
</engineerTo>
<adequatelyNormalized>NO</adequatelyNormalized>
<expectedVolumes>0</expectedVolumes>
<fwdEngineeringStrategyName>Single Table</fwdEngineeringStrategyName>
<growthPercent>0</growthPercent>
<growthType>Year</growthType>
<maxVolumes>9999999</maxVolumes>
<minVolumes>0</minVolumes>
<normalForm>Third</normalForm>
<attributes itemClass="oracle.dbtools.crest.model.design.logical.Attribute">
<Attribute name="nr wyjazdu" id="EFA439CD-BFED-8A20-DC37-56195BD0BBF4">
<createdBy>Lab</createdBy>
<createdTime>2019-06-13 10:32:31 UTC</createdTime>
<ownerDesignName>diag</ownerDesignName>
<engineerTo>
<item key="0E8E6BF7-F005-606B-FA93-BD8ECCD0492D" value="true"/>
</engineerTo>
<useDomainConstraints>false</useDomainConstraints>
<use>1</use>
<logicalDatatype>LOGDT011</logicalDatatype>
<ownDataTypeParameters>,,</ownDataTypeParameters>
</Attribute>
<Attribute name="nr terminu" id="C1DCBC43-5B3F-8276-663B-111C06D3B18F">
<createdBy>Lab</createdBy>
<createdTime>2019-06-13 10:38:18 UTC</createdTime>
<generatorID>2301E6E8-9304-893C-4D25-D5FD5FE94D74</generatorID>
<ownerDesignName>diag</ownerDesignName>
<engineerTo>
<item key="0E8E6BF7-F005-606B-FA93-BD8ECCD0492D" value="true"/>
</engineerTo>
<referedAttribute>0693BFB6-7E8D-036A-98D7-EB1ADAE1FE03</referedAttribute>
<useDomainConstraints>false</useDomainConstraints>
<use>1</use>
<logicalDatatype>LOGDT011</logicalDatatype>
<ownDataTypeParameters>,,</ownDataTypeParameters>
</Attribute>
<Attribute name="nr trasy" id="C3764798-DE1F-7B75-BD56-2DD417294D4A">
<createdBy>Lab</createdBy>
<createdTime>2019-06-13 10:39:28 UTC</createdTime>
<generatorID>DE01A671-A0AE-2A7A-6608-E8C4420385CD</generatorID>
<ownerDesignName>diag</ownerDesignName>
<engineerTo>
<item key="0E8E6BF7-F005-606B-FA93-BD8ECCD0492D" value="true"/>
</engineerTo>
<referedAttribute>6C2A0822-0F9A-3D16-B4FF-3193E75AB13E</referedAttribute>
<useDomainConstraints>false</useDomainConstraints>
<use>1</use>
<logicalDatatype>LOGDT011</logicalDatatype>
<ownDataTypeParameters>,,</ownDataTypeParameters>
</Attribute>
<Attribute name="nr osoby" id="DEDE14A3-BEAF-7C12-71F6-F9971E8853FD">
<createdBy>Lab</createdBy>
<createdTime>2019-06-13 10:39:44 UTC</createdTime>
<generatorID>1257189C-672A-C19E-C3B9-CE84E3EC1F44</generatorID>
<ownerDesignName>diag</ownerDesignName>
<engineerTo>
<item key="0E8E6BF7-F005-606B-FA93-BD8ECCD0492D" value="true"/>
</engineerTo>
<referedAttribute>E622940A-E004-7DED-1889-70B347C88D1D</referedAttribute>
<useDomainConstraints>false</useDomainConstraints>
<use>1</use>
<logicalDatatype>LOGDT011</logicalDatatype>
<ownDataTypeParameters>,,</ownDataTypeParameters>
</Attribute>
<Attribute name="ilość miejsc" id="CAC9082E-E606-1E11-2676-1BF22F3EE9AF">
<createdBy>Lab</createdBy>
<createdTime>2019-06-13 11:03:12 UTC</createdTime>
<ownerDesignName>diag</ownerDesignName>
<engineerTo>
<item key="0E8E6BF7-F005-606B-FA93-BD8ECCD0492D" value="true"/>
</engineerTo>
<nullsAllowed>true</nullsAllowed>
<useDomainConstraints>false</useDomainConstraints>
<use>1</use>
<logicalDatatype>LOGDT011</logicalDatatype>
<ownDataTypeParameters>,,</ownDataTypeParameters>
</Attribute>
</attributes>
<identifiers itemClass="oracle.dbtools.crest.model.design.logical.CandidateKey">
<identifier id="FB56B2DE-22EE-082F-3B99-202C15DD62C4" name="Wyjazd PK">
<createdBy>Lab</createdBy>
<createdTime>2019-06-13 10:32:47 UTC</createdTime>
<ownerDesignName>diag</ownerDesignName>
<shouldEngineer>false</shouldEngineer>
<engineerTo>
<item key="0E8E6BF7-F005-606B-FA93-BD8ECCD0492D" value="false"/>
</engineerTo>
<pk>true</pk>
<usedAttributes>
<attributeRef>EFA439CD-BFED-8A20-DC37-56195BD0BBF4</attributeRef>
</usedAttributes>
</identifier>
</identifiers>
</Entity>