<?xml version = '1.0' encoding = 'UTF-8'?>
<Diagram class="oracle.dbtools.crest.swingui.logical.DPVLogical" id="24FB13EA-0076-1596-0688-801B23257804">
<createdBy>Lab</createdBy>
<modifiedBy>Lab</modifiedBy>
<createdTime>2019-06-13 10:31:14 UTC</createdTime>
<autoRoute>false</autoRoute>
<boxInbox>true</boxInbox>
<showLegend>false</showLegend>
<showLabels>false</showLabels>
<showRelAttributes>false</showRelAttributes>
<gridEnabled>false</gridEnabled>
<showGrid>false</showGrid>
<diagramColor>-1</diagramColor>
<display>false</display>
<notation>1</notation>
<objectViews>
<OView class="oracle.dbtools.crest.swingui.logical.TVEntity" oid="194005E3-EF2B-C714-6128-280B1AE19721" otype="Entity" vid="189CFB15-80A2-3B69-A7A3-46B61EE5E881">
<hideElementsInCurrentOnly>false</hideElementsInCurrentOnly>
<bounds x="90" y="130" width="170" height="110"/>
</OView>
<OView class="oracle.dbtools.crest.swingui.logical.TVEntity" oid="47027BC6-1A0F-8DD4-033F-DC7D568CDE81" otype="Entity" vid="8083FE35-20C7-ECD5-05DC-7CC201C920C6">
<hideElementsInCurrentOnly>false</hideElementsInCurrentOnly>
<bounds x="100" y="150" width="170" height="110"/>
</OView>
<OView class="oracle.dbtools.crest.swingui.logical.TVEntity" oid="9F3C5CD4-0679-DD64-7D95-F7CA0BA3C9CC" otype="Entity" vid="07DE96A0-A992-D211-BF7F-7B4647F8E786">
<hideElementsInCurrentOnly>false</hideElementsInCurrentOnly>
<bounds x="240" y="430" width="170" height="110"/>
</OView>
<OView class="oracle.dbtools.crest.swingui.logical.TVEntity" oid="B5A0DC94-DDB9-BD0A-E672-9799A2350432" otype="Entity" vid="F0AAD653-16E5-E33C-C205-6CE5C93EE297">
<hideElementsInCurrentOnly>false</hideElementsInCurrentOnly>
<bounds x="80" y="110" width="170" height="110"/>
</OView>
<OView class="oracle.dbtools.crest.swingui.logical.TVEntity" oid="BA879AD9-1386-8B0C-42C5-0A62A7EC6EE7" otype="Entity" vid="5CA21170-DC59-F916-9442-4994B5EE4DCA">
<hideElementsInCurrentOnly>false</hideElementsInCurrentOnly>
<bounds x="210" y="370" width="170" height="110"/>
</OView>
<OView class="oracle.dbtools.crest.swingui.logical.TVEntity" oid="D697EFCC-0A65-8E8D-8A06-31E495195EFF" otype="Entity" vid="AF378828-7B38-C13B-BB56-D19554AE972C">
<hideElementsInCurrentOnly>false</hideElementsInCurrentOnly>
<bounds x="70" y="90" width="170" height="110"/>
</OView>
<OView class="oracle.dbtools.crest.swingui.logical.TVEntity" oid="F1876964-92EE-F18D-F563-662A109CC4E4" otype="Entity" vid="C78CB38B-1F54-2BF0-401A-21FA15E1C74C">
<hideElementsInCurrentOnly>false</hideElementsInCurrentOnly>
<bounds x="60" y="70" width="170" height="110"/>
</OView>
</objectViews>
<connectors>
<Connector class="oracle.dbtools.crest.swingui.logical.TVRelation" oid="1257189C-672A-C19E-C3B9-CE84E3EC1F44" otype="Relation" vid_source="8083FE35-20C7-ECD5-05DC-7CC201C920C6" vid_target="C78CB38B-1F54-2BF0-401A-21FA15E1C74C">
<hideElementsInCurrentOnly>false</hideElementsInCurrentOnly>
<lineWidth>1</lineWidth>
<points>
<point x="100" y="155"/>
<point x="230" y="155"/>
</points>
</Connector>
<Connector class="oracle.dbtools.crest.swingui.logical.TVRelation" oid="2301E6E8-9304-893C-4D25-D5FD5FE94D74" otype="Relation" vid_source="AF378828-7B38-C13B-BB56-D19554AE972C" vid_target="C78CB38B-1F54-2BF0-401A-21FA15E1C74C">
<hideElementsInCurrentOnly>false</hideElementsInCurrentOnly>
<lineWidth>1</lineWidth>
<points>
<point x="70" y="145"/>
<point x="230" y="145"/>
</points>
</Connector>
<Connector class="oracle.dbtools.crest.swingui.logical.TVRelation" oid="43E314EE-F66E-C2A3-9F95-158719D98BAC" otype="Relation" vid_source="8083FE35-20C7-ECD5-05DC-7CC201C920C6" vid_target="5CA21170-DC59-F916-9442-4994B5EE4DCA">
<hideElementsInCurrentOnly>false</hideElementsInCurrentOnly>
<lineWidth>1</lineWidth>
<points>
<point x="250" y="260"/>
<point x="250" y="370"/>
</points>
</Connector>
<Connector class="oracle.dbtools.crest.swingui.logical.TVRelation" oid="5445609D-F68D-ADFB-FB2D-78F104FB20D4" otype="Relation" vid_source="C78CB38B-1F54-2BF0-401A-21FA15E1C74C" vid_target="8083FE35-20C7-ECD5-05DC-7CC201C920C6">
<hideElementsInCurrentOnly>false</hideElementsInCurrentOnly>
<lineWidth>1</lineWidth>
<points>
<point x="230" y="155"/>
<point x="100" y="155"/>
</points>
</Connector>
<Connector class="oracle.dbtools.crest.swingui.logical.TVRelation" oid="5B334197-9E78-E323-CE5F-7A7285728C26" otype="Relation" vid_source="AF378828-7B38-C13B-BB56-D19554AE972C" vid_target="5CA21170-DC59-F916-9442-4994B5EE4DCA">
<hideElementsInCurrentOnly>false</hideElementsInCurrentOnly>
<lineWidth>1</lineWidth>
<points>
<point x="235" y="200"/>
<point x="235" y="370"/>
</points>
</Connector>
<Connector class="oracle.dbtools.crest.swingui.logical.TVRelation" oid="8DE501AE-F13E-E0EA-25FF-2A7F2D486103" otype="Relation" vid_source="C78CB38B-1F54-2BF0-401A-21FA15E1C74C" vid_target="07DE96A0-A992-D211-BF7F-7B4647F8E786">
<hideElementsInCurrentOnly>false</hideElementsInCurrentOnly>
<lineWidth>1</lineWidth>
<points>
<point x="145" y="180"/>
<point x="325" y="430"/>
</points>
</Connector>
<Connector class="oracle.dbtools.crest.swingui.logical.TVRelation" oid="BA318DBC-A80D-7817-6271-A84BC7D156F3" otype="Relation" vid_source="F0AAD653-16E5-E33C-C205-6CE5C93EE297" vid_target="189CFB15-80A2-3B69-A7A3-46B61EE5E881">
<hideElementsInCurrentOnly>false</hideElementsInCurrentOnly>
<lineWidth>1</lineWidth>
<points>
<point x="250" y="175"/>
<point x="90" y="175"/>
</points>
</Connector>
<Connector class="oracle.dbtools.crest.swingui.logical.TVRelation" oid="DE01A671-A0AE-2A7A-6608-E8C4420385CD" otype="Relation" vid_source="F0AAD653-16E5-E33C-C205-6CE5C93EE297" vid_target="C78CB38B-1F54-2BF0-401A-21FA15E1C74C">
<hideElementsInCurrentOnly>false</hideElementsInCurrentOnly>
<lineWidth>1</lineWidth>
<points>
<point x="80" y="165"/>
<point x="230" y="165"/>
</points>
</Connector>
<Connector class="oracle.dbtools.crest.swingui.logical.TVRelation" oid="FA47E434-45A3-3282-61DA-AE383EB31883" otype="Relation" vid_source="189CFB15-80A2-3B69-A7A3-46B61EE5E881" vid_target="07DE96A0-A992-D211-BF7F-7B4647F8E786">
<hideElementsInCurrentOnly>false</hideElementsInCurrentOnly>
<lineWidth>1</lineWidth>
<points>
<point x="260" y="240"/>
<point x="260" y="430"/>
</points>
</Connector>
</connectors>
<displays>
<Display class="oracle.dbtools.crest.swingui.logical.DPVLogical" name="Display_1" id="F874BFF3-AECB-AB3F-3207-09A1E8045C89">
<createdBy>Lab</createdBy>
<modifiedBy>Lab</modifiedBy>
<createdTime>2019-06-13 10:31:38 UTC</createdTime>
<autoRoute>false</autoRoute>
<boxInbox>true</boxInbox>
<showLegend>false</showLegend>
<showLabels>false</showLabels>
<showRelAttributes>false</showRelAttributes>
<gridEnabled>false</gridEnabled>
<showGrid>false</showGrid>
<diagramColor>-1</diagramColor>
<display>true</display>
<notation>1</notation>
<objectViews>
<OView class="oracle.dbtools.crest.swingui.logical.TVEntity" oid="194005E3-EF2B-C714-6128-280B1AE19721" otype="Entity" vid="1E73D286-D1CF-3488-18B5-B07F3DCB3EA6">
<hideElementsInCurrentOnly>false</hideElementsInCurrentOnly>
<bounds x="90" y="130" width="170" height="110"/>
</OView>
<OView class="oracle.dbtools.crest.swingui.logical.TVEntity" oid="47027BC6-1A0F-8DD4-033F-DC7D568CDE81" otype="Entity" vid="6BB23840-EA91-EEE5-BBCE-3012B589823A">
<hideElementsInCurrentOnly>false</hideElementsInCurrentOnly>
<bounds x="100" y="150" width="170" height="110"/>
</OView>
<OView class="oracle.dbtools.crest.swingui.logical.TVEntity" oid="9F3C5CD4-0679-DD64-7D95-F7CA0BA3C9CC" otype="Entity" vid="2510A47F-0CED-C4AA-2E42-C538172B7F80">
<hideElementsInCurrentOnly>false</hideElementsInCurrentOnly>
<bounds x="240" y="430" width="170" height="110"/>
</OView>
<OView class="oracle.dbtools.crest.swingui.logical.TVEntity" oid="B5A0DC94-DDB9-BD0A-E672-9799A2350432" otype="Entity" vid="33802171-C79C-7B27-C440-38DBFA7CCEDE">
<hideElementsInCurrentOnly>false</hideElementsInCurrentOnly>
<bounds x="80" y="110" width="170" height="110"/>
</OView>
<OView class="oracle.dbtools.crest.swingui.logical.TVEntity" oid="BA879AD9-1386-8B0C-42C5-0A62A7EC6EE7" otype="Entity" vid="E0012A7B-557E-15B6-C14A-FB5D34B429C6">
<hideElementsInCurrentOnly>false</hideElementsInCurrentOnly>
<bounds x="210" y="370" width="170" height="110"/>
</OView>
<OView class="oracle.dbtools.crest.swingui.logical.TVEntity" oid="D697EFCC-0A65-8E8D-8A06-31E495195EFF" otype="Entity" vid="90FD719E-DBB1-BF34-AD5C-85E06639651E">
<hideElementsInCurrentOnly>false</hideElementsInCurrentOnly>
<bounds x="70" y="90" width="170" height="110"/>
</OView>
<OView class="oracle.dbtools.crest.swingui.logical.TVEntity" oid="F1876964-92EE-F18D-F563-662A109CC4E4" otype="Entity" vid="1EE0DF1C-1322-9FB3-57E3-BD89EA5A8BEC">
<hideElementsInCurrentOnly>false</hideElementsInCurrentOnly>
<bounds x="60" y="70" width="170" height="110"/>
</OView>
</objectViews>
<connectors>
<Connector class="oracle.dbtools.crest.swingui.logical.TVRelation" oid="1257189C-672A-C19E-C3B9-CE84E3EC1F44" otype="Relation" vid_source="6BB23840-EA91-EEE5-BBCE-3012B589823A" vid_target="1EE0DF1C-1322-9FB3-57E3-BD89EA5A8BEC">
<hideElementsInCurrentOnly>false</hideElementsInCurrentOnly>
<lineWidth>1</lineWidth>
<points>
<point x="100" y="155"/>
<point x="230" y="155"/>
</points>
</Connector>
<Connector class="oracle.dbtools.crest.swingui.logical.TVRelation" oid="2301E6E8-9304-893C-4D25-D5FD5FE94D74" otype="Relation" vid_source="90FD719E-DBB1-BF34-AD5C-85E06639651E" vid_target="1EE0DF1C-1322-9FB3-57E3-BD89EA5A8BEC">
<hideElementsInCurrentOnly>false</hideElementsInCurrentOnly>
<lineWidth>1</lineWidth>
<points>
<point x="70" y="145"/>
<point x="230" y="145"/>
</points>
</Connector>
<Connector class="oracle.dbtools.crest.swingui.logical.TVRelation" oid="43E314EE-F66E-C2A3-9F95-158719D98BAC" otype="Relation" vid_source="6BB23840-EA91-EEE5-BBCE-3012B589823A" vid_target="E0012A7B-557E-15B6-C14A-FB5D34B429C6">
<hideElementsInCurrentOnly>false</hideElementsInCurrentOnly>
<lineWidth>1</lineWidth>
<points>
<point x="250" y="260"/>
<point x="250" y="370"/>
</points>
</Connector>
<Connector class="oracle.dbtools.crest.swingui.logical.TVRelation" oid="5445609D-F68D-ADFB-FB2D-78F104FB20D4" otype="Relation" vid_source="1EE0DF1C-1322-9FB3-57E3-BD89EA5A8BEC" vid_target="6BB23840-EA91-EEE5-BBCE-3012B589823A">
<hideElementsInCurrentOnly>false</hideElementsInCurrentOnly>
<lineWidth>1</lineWidth>
<points>
<point x="230" y="155"/>
<point x="100" y="155"/>
</points>
</Connector>
<Connector class="oracle.dbtools.crest.swingui.logical.TVRelation" oid="5B334197-9E78-E323-CE5F-7A7285728C26" otype="Relation" vid_source="90FD719E-DBB1-BF34-AD5C-85E06639651E" vid_target="E0012A7B-557E-15B6-C14A-FB5D34B429C6">
<hideElementsInCurrentOnly>false</hideElementsInCurrentOnly>
<lineWidth>1</lineWidth>
<points>
<point x="235" y="200"/>
<point x="235" y="370"/>
</points>
</Connector>
<Connector class="oracle.dbtools.crest.swingui.logical.TVRelation" oid="8DE501AE-F13E-E0EA-25FF-2A7F2D486103" otype="Relation" vid_source="1EE0DF1C-1322-9FB3-57E3-BD89EA5A8BEC" vid_target="2510A47F-0CED-C4AA-2E42-C538172B7F80">
<hideElementsInCurrentOnly>false</hideElementsInCurrentOnly>
<lineWidth>1</lineWidth>
<points>
<point x="145" y="180"/>
<point x="325" y="430"/>
</points>
</Connector>
<Connector class="oracle.dbtools.crest.swingui.logical.TVRelation" oid="BA318DBC-A80D-7817-6271-A84BC7D156F3" otype="Relation" vid_source="33802171-C79C-7B27-C440-38DBFA7CCEDE" vid_target="1E73D286-D1CF-3488-18B5-B07F3DCB3EA6">
<hideElementsInCurrentOnly>false</hideElementsInCurrentOnly>
<lineWidth>1</lineWidth>
<points>
<point x="250" y="175"/>
<point x="90" y="175"/>
</points>
</Connector>
<Connector class="oracle.dbtools.crest.swingui.logical.TVRelation" oid="DE01A671-A0AE-2A7A-6608-E8C4420385CD" otype="Relation" vid_source="33802171-C79C-7B27-C440-38DBFA7CCEDE" vid_target="1EE0DF1C-1322-9FB3-57E3-BD89EA5A8BEC">
<hideElementsInCurrentOnly>false</hideElementsInCurrentOnly>
<lineWidth>1</lineWidth>
<points>
<point x="80" y="165"/>
<point x="230" y="165"/>
</points>
</Connector>
<Connector class="oracle.dbtools.crest.swingui.logical.TVRelation" oid="FA47E434-45A3-3282-61DA-AE383EB31883" otype="Relation" vid_source="1E73D286-D1CF-3488-18B5-B07F3DCB3EA6" vid_target="2510A47F-0CED-C4AA-2E42-C538172B7F80">
<hideElementsInCurrentOnly>false</hideElementsInCurrentOnly>
<lineWidth>1</lineWidth>
<points>
<point x="260" y="240"/>
<point x="260" y="430"/>
</points>
</Connector>
</connectors>
</Display>
</displays>
</Diagram>