<?xml version = '1.0' encoding = 'UTF-8'?>
<Diagram class="oracle.dbtools.crest.swingui.logical.DPVLogicalSubView" name="Logical - SubView_1" id="621F2022-0CD3-1EAB-CC02-F97637BCC101">
<createdBy>Lab</createdBy>
<modifiedBy>Lab</modifiedBy>
<createdTime>2019-06-13 10:31:42 UTC</createdTime>
<autoRoute>false</autoRoute>
<boxInbox>true</boxInbox>
<showLegend>false</showLegend>
<showLabels>false</showLabels>
<showRelAttributes>false</showRelAttributes>
<gridEnabled>false</gridEnabled>
<showGrid>false</showGrid>
<diagramColor>-1</diagramColor>
<display>false</display>
<notation>1</notation>
<objectViews>
<OView class="oracle.dbtools.crest.swingui.logical.TVEntity" oid="194005E3-EF2B-C714-6128-280B1AE19721" otype="Entity" vid="C088109B-3D86-0B0A-8664-526F7CF23675">
<hideElementsInCurrentOnly>false</hideElementsInCurrentOnly>
<bounds x="698" y="532" width="170" height="110"/>
</OView>
<OView class="oracle.dbtools.crest.swingui.logical.TVEntity" oid="47027BC6-1A0F-8DD4-033F-DC7D568CDE81" otype="Entity" vid="87DF9D04-BC2F-6B4C-B454-70D5B4B47240">
<hideElementsInCurrentOnly>false</hideElementsInCurrentOnly>
<bounds x="640" y="45" width="170" height="110"/>
</OView>
<OView class="oracle.dbtools.crest.swingui.logical.TVEntity" oid="9F3C5CD4-0679-DD64-7D95-F7CA0BA3C9CC" otype="Entity" vid="27FB65EB-D6A0-0F30-94AA-B311EF996674">
<hideElementsInCurrentOnly>false</hideElementsInCurrentOnly>
<bounds x="723" y="355" width="170" height="110"/>
</OView>
<OView class="oracle.dbtools.crest.swingui.logical.TVEntity" oid="B5A0DC94-DDB9-BD0A-E672-9799A2350432" otype="Entity" vid="B1B8A63F-E41E-0620-CC83-E34846801C2B">
<hideElementsInCurrentOnly>false</hideElementsInCurrentOnly>
<bounds x="429" y="530" width="170" height="110"/>
</OView>
<OView class="oracle.dbtools.crest.swingui.logical.TVEntity" oid="BA879AD9-1386-8B0C-42C5-0A62A7EC6EE7" otype="Entity" vid="00D483AF-8EC1-6018-FF78-BF0B090BBA74">
<hideElementsInCurrentOnly>false</hideElementsInCurrentOnly>
<bounds x="169" y="187" width="170" height="110"/>
</OView>
<OView class="oracle.dbtools.crest.swingui.logical.TVEntity" oid="D697EFCC-0A65-8E8D-8A06-31E495195EFF" otype="Entity" vid="F8840692-F081-3E7B-46E1-CBC575201138">
<hideElementsInCurrentOnly>false</hideElementsInCurrentOnly>
<bounds x="160" y="520" width="170" height="110"/>
</OView>
<OView class="oracle.dbtools.crest.swingui.logical.TVEntity" oid="F1876964-92EE-F18D-F563-662A109CC4E4" otype="Entity" vid="7B4D90EE-B62F-59D8-3F22-4E580354B3AB">
<hideElementsInCurrentOnly>false</hideElementsInCurrentOnly>
<bounds x="427" y="250" width="170" height="110"/>
</OView>
</objectViews>
<connectors>
<Connector class="oracle.dbtools.crest.swingui.logical.TVRelation" oid="1257189C-672A-C19E-C3B9-CE84E3EC1F44" otype="Relation" vid_source="87DF9D04-BC2F-6B4C-B454-70D5B4B47240" vid_target="7B4D90EE-B62F-59D8-3F22-4E580354B3AB">
<hideElementsInCurrentOnly>false</hideElementsInCurrentOnly>
<lineWidth>1</lineWidth>
<points>
<point x="726" y="155"/>
<point x="551" y="360"/>
</points>
</Connector>
<Connector class="oracle.dbtools.crest.swingui.logical.TVRelation" oid="2301E6E8-9304-893C-4D25-D5FD5FE94D74" otype="Relation" vid_source="F8840692-F081-3E7B-46E1-CBC575201138" vid_target="7B4D90EE-B62F-59D8-3F22-4E580354B3AB">
<hideElementsInCurrentOnly>false</hideElementsInCurrentOnly>
<lineWidth>1</lineWidth>
<points>
<point x="245" y="520"/>
<point x="466" y="360"/>
</points>
</Connector>
<Connector class="oracle.dbtools.crest.swingui.logical.TVRelation" oid="43E314EE-F66E-C2A3-9F95-158719D98BAC" otype="Relation" vid_source="87DF9D04-BC2F-6B4C-B454-70D5B4B47240" vid_target="00D483AF-8EC1-6018-FF78-BF0B090BBA74">
<hideElementsInCurrentOnly>false</hideElementsInCurrentOnly>
<lineWidth>1</lineWidth>
<points>
<point x="640" y="100"/>
<point x="339" y="242"/>
</points>
</Connector>
<Connector class="oracle.dbtools.crest.swingui.logical.TVRelation" oid="5445609D-F68D-ADFB-FB2D-78F104FB20D4" otype="Relation" vid_source="7B4D90EE-B62F-59D8-3F22-4E580354B3AB" vid_target="87DF9D04-BC2F-6B4C-B454-70D5B4B47240">
<hideElementsInCurrentOnly>false</hideElementsInCurrentOnly>
<lineWidth>1</lineWidth>
<points>
<point x="551" y="360"/>
<point x="677" y="155"/>
</points>
</Connector>
<Connector class="oracle.dbtools.crest.swingui.logical.TVRelation" oid="5B334197-9E78-E323-CE5F-7A7285728C26" otype="Relation" vid_source="F8840692-F081-3E7B-46E1-CBC575201138" vid_target="00D483AF-8EC1-6018-FF78-BF0B090BBA74">
<hideElementsInCurrentOnly>false</hideElementsInCurrentOnly>
<lineWidth>1</lineWidth>
<points>
<point x="269" y="520"/>
<point x="269" y="297"/>
</points>
</Connector>
<Connector class="oracle.dbtools.crest.swingui.logical.TVRelation" oid="8DE501AE-F13E-E0EA-25FF-2A7F2D486103" otype="Relation" vid_source="7B4D90EE-B62F-59D8-3F22-4E580354B3AB" vid_target="27FB65EB-D6A0-0F30-94AA-B311EF996674">
<hideElementsInCurrentOnly>false</hideElementsInCurrentOnly>
<lineWidth>1</lineWidth>
<points>
<point x="597" y="357"/>
<point x="723" y="357"/>
</points>
</Connector>
<Connector class="oracle.dbtools.crest.swingui.logical.TVRelation" oid="BA318DBC-A80D-7817-6271-A84BC7D156F3" otype="Relation" vid_source="B1B8A63F-E41E-0620-CC83-E34846801C2B" vid_target="C088109B-3D86-0B0A-8664-526F7CF23675">
<hideElementsInCurrentOnly>false</hideElementsInCurrentOnly>
<lineWidth>1</lineWidth>
<points>
<point x="599" y="586"/>
<point x="698" y="586"/>
</points>
</Connector>
<Connector class="oracle.dbtools.crest.swingui.logical.TVRelation" oid="DE01A671-A0AE-2A7A-6608-E8C4420385CD" otype="Relation" vid_source="B1B8A63F-E41E-0620-CC83-E34846801C2B" vid_target="7B4D90EE-B62F-59D8-3F22-4E580354B3AB">
<hideElementsInCurrentOnly>false</hideElementsInCurrentOnly>
<lineWidth>1</lineWidth>
<points>
<point x="500" y="530"/>
<point x="500" y="360"/>
</points>
</Connector>
<Connector class="oracle.dbtools.crest.swingui.logical.TVRelation" oid="FA47E434-45A3-3282-61DA-AE383EB31883" otype="Relation" vid_source="C088109B-3D86-0B0A-8664-526F7CF23675" vid_target="27FB65EB-D6A0-0F30-94AA-B311EF996674">
<hideElementsInCurrentOnly>false</hideElementsInCurrentOnly>
<lineWidth>1</lineWidth>
<points>
<point x="805" y="532"/>
<point x="805" y="465"/>
</points>
</Connector>
</connectors>
</Diagram>