<?xml version = '1.0' encoding = 'UTF-8'?>
<FKIndexAssociation class="oracle.dbtools.crest.model.design.relational.FKIndexAssociation" directorySegmentName="seg_0" id="097754E9-13EE-2BFD-F241-7EBFE9B80BB1" containerWithKeyObject="2E263C77-1E23-190D-F571-7A086B894F79" localFKIndex="970D5339-DCCF-F697-5BEE-AB02547D9F57" name="Dostepni_piloci_Osoby_FK">
<createdBy>Lab</createdBy>
<createdTime>2019-06-13 11:08:28 UTC</createdTime>
<generatorID>43E314EE-F66E-C2A3-9F95-158719D98BAC</generatorID>
<ownerDesignName>diag</ownerDesignName>
<deleteRule>NO ACTION</deleteRule>
<referredTableID>4AC21068-B3A1-B8EE-5E48-AF30CE0E321E</referredTableID>
<keyObject>2D66814C-3B2B-CEDA-7B43-CD9B3E4244E5</keyObject>
<referredKeyID>2D66814C-3B2B-CEDA-7B43-CD9B3E4244E5</referredKeyID>
<mandatory>true</mandatory>
<transferable>true</transferable>
<rely>false</rely>
<columnDependencyConstraintGenerateInDDL>true</columnDependencyConstraintGenerateInDDL>
</FKIndexAssociation>