<?xml version = '1.0' encoding = 'UTF-8'?>
<FKIndexAssociation class="oracle.dbtools.crest.model.design.relational.FKIndexAssociation" directorySegmentName="seg_0" id="11B9977D-7ED1-25F4-0682-9611719F6B6C" containerWithKeyObject="6E4388D0-9615-D01B-3F2E-9C13945F838C" localFKIndex="BCBD9A32-FBCC-40D3-A38E-EDAE03005617" name="FK_ASS_11">
<createdBy>Lab</createdBy>
<createdTime>2019-06-13 10:50:42 UTC</createdTime>
<generatorID>5445609D-F68D-ADFB-FB2D-78F104FB20D4</generatorID>
<ownerDesignName>diag</ownerDesignName>
<deleteRule>NO ACTION</deleteRule>
<referredTableID>4AC21068-B3A1-B8EE-5E48-AF30CE0E321E</referredTableID>
<keyObject>2D66814C-3B2B-CEDA-7B43-CD9B3E4244E5</keyObject>
<referredKeyID>2D66814C-3B2B-CEDA-7B43-CD9B3E4244E5</referredKeyID>
<mandatory>true</mandatory>
<transferable>true</transferable>
<rely>false</rely>
<columnDependencyConstraintGenerateInDDL>true</columnDependencyConstraintGenerateInDDL>
</FKIndexAssociation>