<?xml version = '1.0' encoding = 'UTF-8'?>
<FKIndexAssociation class="oracle.dbtools.crest.model.design.relational.FKIndexAssociation" directorySegmentName="seg_0" id="1B8BC391-4674-AEFB-FE1C-2A9BBB364364" containerWithKeyObject="8FACC74B-D3F8-125C-EDF1-AE144EA8648B" localFKIndex="8838BE63-E219-3514-9F9A-EA92E25C27EB" name="Wyjazd_Terminy_FK">
<createdBy>Lab</createdBy>
<createdTime>2019-06-13 10:50:42 UTC</createdTime>
<generatorID>2301E6E8-9304-893C-4D25-D5FD5FE94D74</generatorID>
<ownerDesignName>diag</ownerDesignName>
<deleteRule>NO ACTION</deleteRule>
<referredTableID>880CDC07-78B6-2B73-85F3-9C6EE4A5F659</referredTableID>
<keyObject>31970F79-59E7-989B-8822-C16DA62B7F67</keyObject>
<referredKeyID>31970F79-59E7-989B-8822-C16DA62B7F67</referredKeyID>
<mandatory>true</mandatory>
<transferable>true</transferable>
<rely>false</rely>
<columnDependencyConstraintGenerateInDDL>true</columnDependencyConstraintGenerateInDDL>
</FKIndexAssociation>