<?xml version = '1.0' encoding = 'UTF-8'?>
<FKIndexAssociation class="oracle.dbtools.crest.model.design.relational.FKIndexAssociation" directorySegmentName="seg_0" id="768CF4F9-BF8C-D613-3DE3-499C0033AE10" containerWithKeyObject="2E263C77-1E23-190D-F571-7A086B894F79" localFKIndex="74E1BD83-6F5A-0697-E46A-C1CE19D697B9" name="Dostepni_piloci_Terminy_FK">
<createdBy>Lab</createdBy>
<createdTime>2019-06-13 11:08:28 UTC</createdTime>
<generatorID>5B334197-9E78-E323-CE5F-7A7285728C26</generatorID>
<ownerDesignName>diag</ownerDesignName>
<deleteRule>NO ACTION</deleteRule>
<referredTableID>880CDC07-78B6-2B73-85F3-9C6EE4A5F659</referredTableID>
<keyObject>31970F79-59E7-989B-8822-C16DA62B7F67</keyObject>
<referredKeyID>31970F79-59E7-989B-8822-C16DA62B7F67</referredKeyID>
<mandatory>true</mandatory>
<transferable>true</transferable>
<rely>false</rely>
<columnDependencyConstraintGenerateInDDL>true</columnDependencyConstraintGenerateInDDL>
</FKIndexAssociation>