<?xml version = '1.0' encoding = 'UTF-8'?>
<FKIndexAssociation class="oracle.dbtools.crest.model.design.relational.FKIndexAssociation" directorySegmentName="seg_0" id="7C7CE4EF-908F-5F37-24C5-AF4D39849194" containerWithKeyObject="6E4388D0-9615-D01B-3F2E-9C13945F838C" localFKIndex="B6128E6E-FD94-DFF1-1B5D-5722DCAB73EF" name="FK_ASS_10">
<createdBy>Lab</createdBy>
<createdTime>2019-06-13 10:50:42 UTC</createdTime>
<generatorID>5445609D-F68D-ADFB-FB2D-78F104FB20D4</generatorID>
<ownerDesignName>diag</ownerDesignName>
<deleteRule>NO ACTION</deleteRule>
<referredTableID>8FACC74B-D3F8-125C-EDF1-AE144EA8648B</referredTableID>
<keyObject>6984715A-19EF-9FBD-20E4-5AD890CE1423</keyObject>
<referredKeyID>6984715A-19EF-9FBD-20E4-5AD890CE1423</referredKeyID>
<mandatory>true</mandatory>
<transferable>true</transferable>
<rely>false</rely>
<columnDependencyConstraintGenerateInDDL>true</columnDependencyConstraintGenerateInDDL>
</FKIndexAssociation>