<?xml version = '1.0' encoding = 'UTF-8'?>
<FKIndexAssociation class="oracle.dbtools.crest.model.design.relational.FKIndexAssociation" directorySegmentName="seg_0" id="B7E6F7D3-C697-0630-72FB-2F3BE6C669C5" containerWithKeyObject="8FACC74B-D3F8-125C-EDF1-AE144EA8648B" localFKIndex="9AFA366A-AD9D-7FEA-4BF8-1DBCF8575E33" name="Wyjazd_Wycieczka_FK">
<createdBy>Lab</createdBy>
<createdTime>2019-06-13 10:50:42 UTC</createdTime>
<generatorID>DE01A671-A0AE-2A7A-6608-E8C4420385CD</generatorID>
<ownerDesignName>diag</ownerDesignName>
<deleteRule>NO ACTION</deleteRule>
<referredTableID>37DFCC6C-78BC-4763-ABA9-C1C8C6BC43D0</referredTableID>
<keyObject>2E5C7A46-9D92-5139-9604-AB32470D9A69</keyObject>
<referredKeyID>2E5C7A46-9D92-5139-9604-AB32470D9A69</referredKeyID>
<mandatory>true</mandatory>
<transferable>true</transferable>
<rely>false</rely>
<columnDependencyConstraintGenerateInDDL>true</columnDependencyConstraintGenerateInDDL>
</FKIndexAssociation>