<?xml version = '1.0' encoding = 'UTF-8'?>
<FKIndexAssociation class="oracle.dbtools.crest.model.design.relational.FKIndexAssociation" directorySegmentName="seg_0" id="C3B492D5-7F68-A81D-E228-7F308CF3C65B" containerWithKeyObject="46A669F9-3CEC-BC38-5EA8-9016762F1804" localFKIndex="854C76AA-D732-FA5F-3577-896B19046E1D" name="FK_ASS_8">
<createdBy>Lab</createdBy>
<createdTime>2019-06-13 10:50:42 UTC</createdTime>
<generatorID>BA318DBC-A80D-7817-6271-A84BC7D156F3</generatorID>
<ownerDesignName>diag</ownerDesignName>
<deleteRule>NO ACTION</deleteRule>
<referredTableID>37DFCC6C-78BC-4763-ABA9-C1C8C6BC43D0</referredTableID>
<keyObject>2E5C7A46-9D92-5139-9604-AB32470D9A69</keyObject>
<referredKeyID>2E5C7A46-9D92-5139-9604-AB32470D9A69</referredKeyID>
<mandatory>true</mandatory>
<transferable>true</transferable>
<rely>false</rely>
<columnDependencyConstraintGenerateInDDL>true</columnDependencyConstraintGenerateInDDL>
</FKIndexAssociation>