<?xml version = '1.0' encoding = 'UTF-8'?>
<FKIndexAssociation class="oracle.dbtools.crest.model.design.relational.FKIndexAssociation" directorySegmentName="seg_0" id="C76A736C-9E95-7E49-E5D3-28CB2C2EBAC4" containerWithKeyObject="8FACC74B-D3F8-125C-EDF1-AE144EA8648B" localFKIndex="5CEC97C1-BF42-A4B8-15CE-CE68F4D66FD5" name="Wyjazd_Osoby_FK">
<createdBy>Lab</createdBy>
<createdTime>2019-06-13 10:50:42 UTC</createdTime>
<generatorID>1257189C-672A-C19E-C3B9-CE84E3EC1F44</generatorID>
<ownerDesignName>diag</ownerDesignName>
<deleteRule>NO ACTION</deleteRule>
<referredTableID>4AC21068-B3A1-B8EE-5E48-AF30CE0E321E</referredTableID>
<keyObject>2D66814C-3B2B-CEDA-7B43-CD9B3E4244E5</keyObject>
<referredKeyID>2D66814C-3B2B-CEDA-7B43-CD9B3E4244E5</referredKeyID>
<mandatory>true</mandatory>
<transferable>true</transferable>
<rely>false</rely>
<columnDependencyConstraintGenerateInDDL>true</columnDependencyConstraintGenerateInDDL>
</FKIndexAssociation>