<?xml version = '1.0' encoding = 'UTF-8'?>
<FKIndexAssociation class="oracle.dbtools.crest.model.design.relational.FKIndexAssociation" directorySegmentName="seg_0" id="CF695542-E6CE-8737-599F-0D93D81DABF4" containerWithKeyObject="D6724FB7-C1FB-7FFD-7CA6-EAFEFB409963" localFKIndex="C5CADEE3-093C-8BD3-E1EF-377AD04ACB10" name="Koszt_i_miejsca_Transport_FK">
<createdBy>Lab</createdBy>
<createdTime>2019-06-13 10:57:17 UTC</createdTime>
<generatorID>FA47E434-45A3-3282-61DA-AE383EB31883</generatorID>
<ownerDesignName>diag</ownerDesignName>
<deleteRule>NO ACTION</deleteRule>
<referredTableID>930E5428-0126-57EF-15E5-3A6FE6E92614</referredTableID>
<keyObject>B6A3FDB1-F97D-409F-906E-B29A0E9BE80C</keyObject>
<referredKeyID>B6A3FDB1-F97D-409F-906E-B29A0E9BE80C</referredKeyID>
<mandatory>true</mandatory>
<transferable>true</transferable>
<rely>false</rely>
<columnDependencyConstraintGenerateInDDL>true</columnDependencyConstraintGenerateInDDL>
</FKIndexAssociation>