<?xml version = '1.0' encoding = 'UTF-8'?>
<FKIndexAssociation class="oracle.dbtools.crest.model.design.relational.FKIndexAssociation" directorySegmentName="seg_0" id="D1FC746B-6222-B607-5014-7E309F73C61C" containerWithKeyObject="46A669F9-3CEC-BC38-5EA8-9016762F1804" localFKIndex="4C333EF4-A069-D84C-6C9C-D6131FD18800" name="FK_ASS_9">
<createdBy>Lab</createdBy>
<createdTime>2019-06-13 10:50:42 UTC</createdTime>
<generatorID>BA318DBC-A80D-7817-6271-A84BC7D156F3</generatorID>
<ownerDesignName>diag</ownerDesignName>
<deleteRule>NO ACTION</deleteRule>
<referredTableID>930E5428-0126-57EF-15E5-3A6FE6E92614</referredTableID>
<keyObject>B6A3FDB1-F97D-409F-906E-B29A0E9BE80C</keyObject>
<referredKeyID>B6A3FDB1-F97D-409F-906E-B29A0E9BE80C</referredKeyID>
<mandatory>true</mandatory>
<transferable>true</transferable>
<rely>false</rely>
<columnDependencyConstraintGenerateInDDL>true</columnDependencyConstraintGenerateInDDL>
</FKIndexAssociation>