<?xml version = '1.0' encoding = 'UTF-8'?>
<FKIndexAssociation class="oracle.dbtools.crest.model.design.relational.FKIndexAssociation" directorySegmentName="seg_0" id="DE1C9A7D-6CB3-51CC-CE98-631B2AB3D816" containerWithKeyObject="D6724FB7-C1FB-7FFD-7CA6-EAFEFB409963" localFKIndex="155DBD48-982F-32D7-3F81-2426E1E99F35" name="Koszt_i_miejsca_Wyjazd_FK">
<createdBy>Lab</createdBy>
<createdTime>2019-06-13 10:57:17 UTC</createdTime>
<generatorID>8DE501AE-F13E-E0EA-25FF-2A7F2D486103</generatorID>
<ownerDesignName>diag</ownerDesignName>
<deleteRule>NO ACTION</deleteRule>
<referredTableID>8FACC74B-D3F8-125C-EDF1-AE144EA8648B</referredTableID>
<keyObject>6984715A-19EF-9FBD-20E4-5AD890CE1423</keyObject>
<referredKeyID>6984715A-19EF-9FBD-20E4-5AD890CE1423</referredKeyID>
<mandatory>true</mandatory>
<transferable>true</transferable>
<rely>false</rely>
<columnDependencyConstraintGenerateInDDL>true</columnDependencyConstraintGenerateInDDL>
</FKIndexAssociation>