<?xml version = '1.0' encoding = 'UTF-8'?>
<Table class="oracle.dbtools.crest.model.design.relational.Table" directorySegmentName="seg_0" id="2E263C77-1E23-190D-F571-7A086B894F79" name="Dostepni_piloci">
<createdBy>Lab</createdBy>
<createdTime>2019-06-13 11:08:28 UTC</createdTime>
<generatorID>BA879AD9-1386-8B0C-42C5-0A62A7EC6EE7</generatorID>
<ownerDesignName>diag</ownerDesignName>
<allowColumnReorder>false</allowColumnReorder>
<existDependencyGenerateInDDl>true</existDependencyGenerateInDDl>
<parsed>true</parsed>
<columns itemClass="oracle.dbtools.crest.model.design.relational.Column">
<Column name="Dostępność" id="31B3522C-CA1C-6BC8-2094-61957CE8E7B4">
<createdBy>Lab</createdBy>
<createdTime>2019-06-13 11:08:28 UTC</createdTime>
<generatorID>43A56B9D-CE8D-B5C9-E576-0E75224CA927</generatorID>
<ownerDesignName>diag</ownerDesignName>
<nullsAllowed>true</nullsAllowed>
<useDomainConstraints>false</useDomainConstraints>
<use>1</use>
<logicalDatatype>LOGDT006</logicalDatatype>
<dataTypeSize>1</dataTypeSize>
<ownDataTypeParameters>1,,</ownDataTypeParameters>
<autoIncrementCycle>false</autoIncrementCycle>
</Column>
<Column name="Terminy_nr_terminu" id="3CE88A10-57ED-1201-4D97-7A44D269CA0E">
<createdBy>Lab</createdBy>
<createdTime>2019-06-13 11:08:28 UTC</createdTime>
<generatorID>5B2DF250-7F1A-39C5-C09F-14AA1A744F42</generatorID>
<ownerDesignName>diag</ownerDesignName>
<useDomainConstraints>false</useDomainConstraints>
<use>1</use>
<logicalDatatype>LOGDT011</logicalDatatype>
<ownDataTypeParameters>,,</ownDataTypeParameters>
<previousColumn>false</previousColumn>
<autoIncrementCycle>false</autoIncrementCycle>
<associations>
<colAssociation fkAssociation="768CF4F9-BF8C-D613-3DE3-499C0033AE10" referredColumn="6AB7BD58-D5A0-B7EC-BD19-8C01204AAE41"/>
</associations>
</Column>
<Column name="Osoby_nr_osoby" id="F3C1136B-6CF2-2F0D-034E-720B732C9B34">
<createdBy>Lab</createdBy>
<createdTime>2019-06-13 11:08:28 UTC</createdTime>
<generatorID>6654CF88-9434-F31F-229F-A33BA03D5CBE</generatorID>
<ownerDesignName>diag</ownerDesignName>
<useDomainConstraints>false</useDomainConstraints>
<use>1</use>
<logicalDatatype>LOGDT011</logicalDatatype>
<ownDataTypeParameters>,,</ownDataTypeParameters>
<previousColumn>false</previousColumn>
<autoIncrementCycle>false</autoIncrementCycle>
<associations>
<colAssociation fkAssociation="097754E9-13EE-2BFD-F241-7EBFE9B80BB1" referredColumn="D75815C3-9AB1-4620-6ACF-01E9493953F6"/>
</associations>
</Column>
</columns>
<indexes itemClass="oracle.dbtools.crest.model.design.relational.Index">
<ind_PK_UK id="39F874AB-DEAF-BD20-0B1D-1FAF062F8FEE" name="Dostepni_piloci_PK">
<createdBy>Lab</createdBy>
<createdTime>2019-06-13 11:08:28 UTC</createdTime>
<generatorID>381E9BF6-3798-7C9F-CA5B-28156B66E241</generatorID>
<ownerDesignName>diag</ownerDesignName>
<pk>true</pk>
<indexState>Primary Constraint</indexState>
<isSurrogateKey>false</isSurrogateKey>
<indexColumnUsage>
<colUsage columnID="3CE88A10-57ED-1201-4D97-7A44D269CA0E"/>
<colUsage columnID="F3C1136B-6CF2-2F0D-034E-720B732C9B34"/>
</indexColumnUsage>
</ind_PK_UK>
<ind_PK_UK id="74E1BD83-6F5A-0697-E46A-C1CE19D697B9" name="Dostepni_piloci_Terminy_FK">
<createdBy>Lab</createdBy>
<createdTime>2019-06-13 11:08:28 UTC</createdTime>
<generatorID>5B334197-9E78-E323-CE5F-7A7285728C26</generatorID>
<ownerDesignName>diag</ownerDesignName>
<indexState>Foreign Key</indexState>
<isSurrogateKey>false</isSurrogateKey>
<indexColumnUsage>
<colUsage columnID="3CE88A10-57ED-1201-4D97-7A44D269CA0E"/>
</indexColumnUsage>
</ind_PK_UK>
<ind_PK_UK id="970D5339-DCCF-F697-5BEE-AB02547D9F57" name="Dostepni_piloci_Osoby_FK">
<createdBy>Lab</createdBy>
<createdTime>2019-06-13 11:08:28 UTC</createdTime>
<generatorID>43E314EE-F66E-C2A3-9F95-158719D98BAC</generatorID>
<ownerDesignName>diag</ownerDesignName>
<indexState>Foreign Key</indexState>
<isSurrogateKey>false</isSurrogateKey>
<indexColumnUsage>
<colUsage columnID="F3C1136B-6CF2-2F0D-034E-720B732C9B34"/>
</indexColumnUsage>
</ind_PK_UK>
</indexes>
</Table>