<?xml version = '1.0' encoding = 'UTF-8'?>
<Table class="oracle.dbtools.crest.model.design.relational.Table" directorySegmentName="seg_0" id="46A669F9-3CEC-BC38-5EA8-9016762F1804" name="Relation_8">
<createdBy>Lab</createdBy>
<createdTime>2019-06-13 10:50:42 UTC</createdTime>
<ownerDesignName>diag</ownerDesignName>
<allowColumnReorder>false</allowColumnReorder>
<existDependencyGenerateInDDl>true</existDependencyGenerateInDDl>
<parsed>true</parsed>
<columns itemClass="oracle.dbtools.crest.model.design.relational.Column">
<Column name="Wycieczka_nr_trasy" id="421DFA2B-AFA4-3765-0732-B36F2109112C">
<createdBy>Lab</createdBy>
<createdTime>2019-06-13 10:50:42 UTC</createdTime>
<ownerDesignName>diag</ownerDesignName>
<useDomainConstraints>false</useDomainConstraints>
<use>1</use>
<logicalDatatype>LOGDT011</logicalDatatype>
<ownDataTypeParameters>,,</ownDataTypeParameters>
<previousColumn>false</previousColumn>
<autoIncrementCycle>false</autoIncrementCycle>
<associations>
<colAssociation fkAssociation="C3B492D5-7F68-A81D-E228-7F308CF3C65B" referredColumn="C213AD31-A7A4-9FB6-B6A1-076EB7337063"/>
</associations>
</Column>
<Column name="Transport_nr_transportu" id="FF9A0499-0B5E-99BC-B451-EA4D90D5D586">
<createdBy>Lab</createdBy>
<createdTime>2019-06-13 10:50:42 UTC</createdTime>
<ownerDesignName>diag</ownerDesignName>
<useDomainConstraints>false</useDomainConstraints>
<use>1</use>
<logicalDatatype>LOGDT011</logicalDatatype>
<ownDataTypeParameters>,,</ownDataTypeParameters>
<previousColumn>false</previousColumn>
<autoIncrementCycle>false</autoIncrementCycle>
<associations>
<colAssociation fkAssociation="D1FC746B-6222-B607-5014-7E309F73C61C" referredColumn="793F639F-9F89-6749-4DF5-F0C5EFE7B467"/>
</associations>
</Column>
</columns>
<indexes itemClass="oracle.dbtools.crest.model.design.relational.Index">
<ind_PK_UK id="5197CB1E-AD53-B33F-3BF7-122761C325C6" name="Relation_8_PK">
<createdBy>Lab</createdBy>
<createdTime>2019-06-13 10:50:42 UTC</createdTime>
<ownerDesignName>diag</ownerDesignName>
<pk>true</pk>
<indexState>Primary Constraint</indexState>
<isSurrogateKey>false</isSurrogateKey>
<indexColumnUsage>
<colUsage columnID="421DFA2B-AFA4-3765-0732-B36F2109112C"/>
<colUsage columnID="FF9A0499-0B5E-99BC-B451-EA4D90D5D586"/>
</indexColumnUsage>
</ind_PK_UK>
<ind_PK_UK id="854C76AA-D732-FA5F-3577-896B19046E1D" name="FK_ASS_8">
<createdBy>Lab</createdBy>
<createdTime>2019-06-13 10:50:42 UTC</createdTime>
<generatorID>BA318DBC-A80D-7817-6271-A84BC7D156F3</generatorID>
<ownerDesignName>diag</ownerDesignName>
<indexState>Foreign Key</indexState>
<isSurrogateKey>false</isSurrogateKey>
<indexColumnUsage>
<colUsage columnID="421DFA2B-AFA4-3765-0732-B36F2109112C"/>
</indexColumnUsage>
</ind_PK_UK>
<ind_PK_UK id="4C333EF4-A069-D84C-6C9C-D6131FD18800" name="FK_ASS_9">
<createdBy>Lab</createdBy>
<createdTime>2019-06-13 10:50:42 UTC</createdTime>
<generatorID>BA318DBC-A80D-7817-6271-A84BC7D156F3</generatorID>
<ownerDesignName>diag</ownerDesignName>
<indexState>Foreign Key</indexState>
<isSurrogateKey>false</isSurrogateKey>
<indexColumnUsage>
<colUsage columnID="FF9A0499-0B5E-99BC-B451-EA4D90D5D586"/>
</indexColumnUsage>
</ind_PK_UK>
</indexes>
</Table>