<?xml version = '1.0' encoding = 'UTF-8'?>
<Table class="oracle.dbtools.crest.model.design.relational.Table" directorySegmentName="seg_0" id="4AC21068-B3A1-B8EE-5E48-AF30CE0E321E" name="Osoby">
<createdBy>Lab</createdBy>
<createdTime>2019-06-13 10:50:42 UTC</createdTime>
<generatorID>47027BC6-1A0F-8DD4-033F-DC7D568CDE81</generatorID>
<ownerDesignName>diag</ownerDesignName>
<allowColumnReorder>false</allowColumnReorder>
<existDependencyGenerateInDDl>true</existDependencyGenerateInDDl>
<parsed>true</parsed>
<columns itemClass="oracle.dbtools.crest.model.design.relational.Column">
<Column name="nr_osoby" id="D75815C3-9AB1-4620-6ACF-01E9493953F6">
<createdBy>Lab</createdBy>
<createdTime>2019-06-13 10:50:42 UTC</createdTime>
<generatorID>E622940A-E004-7DED-1889-70B347C88D1D</generatorID>
<ownerDesignName>diag</ownerDesignName>
<useDomainConstraints>false</useDomainConstraints>
<use>1</use>
<logicalDatatype>LOGDT011</logicalDatatype>
<ownDataTypeParameters>,,</ownDataTypeParameters>
<autoIncrementCycle>false</autoIncrementCycle>
</Column>
<Column name="imię" id="023E53C0-744E-1B43-4168-AC44EA1E8B13">
<createdBy>Lab</createdBy>
<createdTime>2019-06-13 10:50:42 UTC</createdTime>
<generatorID>74D939D6-C4E6-0988-4661-A39E3ACBDEE9</generatorID>
<ownerDesignName>diag</ownerDesignName>
<nullsAllowed>true</nullsAllowed>
<useDomainConstraints>false</useDomainConstraints>
<use>1</use>
<logicalDatatype>A3A3C77D-0366-9768-FF89-1C25E56881C8</logicalDatatype>
<ownDataTypeParameters>,,</ownDataTypeParameters>
<autoIncrementCycle>false</autoIncrementCycle>
</Column>
<Column name="nazwisko" id="5F1B0291-17BE-597B-98B5-87A0C902032F">
<createdBy>Lab</createdBy>
<createdTime>2019-06-13 10:50:42 UTC</createdTime>
<generatorID>F9432931-3C47-532D-8B79-09A2C9D1BEB8</generatorID>
<ownerDesignName>diag</ownerDesignName>
<nullsAllowed>true</nullsAllowed>
<useDomainConstraints>false</useDomainConstraints>
<use>1</use>
<logicalDatatype>A3A3C77D-0366-9768-FF89-1C25E56881C8</logicalDatatype>
<ownDataTypeParameters>,,</ownDataTypeParameters>
<autoIncrementCycle>false</autoIncrementCycle>
</Column>
</columns>
<indexes itemClass="oracle.dbtools.crest.model.design.relational.Index">
<ind_PK_UK id="2D66814C-3B2B-CEDA-7B43-CD9B3E4244E5" name="Osoby_PK">
<createdBy>Lab</createdBy>
<createdTime>2019-06-13 10:50:42 UTC</createdTime>
<generatorID>986CEC3D-6B6E-7400-A5FB-1A55EC32513E</generatorID>
<ownerDesignName>diag</ownerDesignName>
<pk>true</pk>
<indexState>Primary Constraint</indexState>
<isSurrogateKey>false</isSurrogateKey>
<indexColumnUsage>
<colUsage columnID="D75815C3-9AB1-4620-6ACF-01E9493953F6"/>
</indexColumnUsage>
</ind_PK_UK>
</indexes>
</Table>