<?xml version = '1.0' encoding = 'UTF-8'?>
<Table class="oracle.dbtools.crest.model.design.relational.Table" directorySegmentName="seg_0" id="6E4388D0-9615-D01B-3F2E-9C13945F838C" name="Relation_9">
<createdBy>Lab</createdBy>
<createdTime>2019-06-13 10:50:42 UTC</createdTime>
<ownerDesignName>diag</ownerDesignName>
<allowColumnReorder>false</allowColumnReorder>
<existDependencyGenerateInDDl>true</existDependencyGenerateInDDl>
<parsed>true</parsed>
<columns itemClass="oracle.dbtools.crest.model.design.relational.Column">
<Column name="Wyjazd_nr_wyjazdu" id="904C5657-C322-4FB0-377F-44831B8470D7">
<createdBy>Lab</createdBy>
<createdTime>2019-06-13 10:50:42 UTC</createdTime>
<ownerDesignName>diag</ownerDesignName>
<useDomainConstraints>false</useDomainConstraints>
<use>1</use>
<logicalDatatype>LOGDT011</logicalDatatype>
<ownDataTypeParameters>,,</ownDataTypeParameters>
<previousColumn>false</previousColumn>
<autoIncrementCycle>false</autoIncrementCycle>
<associations>
<colAssociation fkAssociation="7C7CE4EF-908F-5F37-24C5-AF4D39849194" referredColumn="AAA82663-8C7C-AEB6-571D-D2392D669F91"/>
</associations>
</Column>
<Column name="Osoby_nr_osoby" id="E68517F9-EAFF-6F9F-F777-69E6618BAE85">
<createdBy>Lab</createdBy>
<createdTime>2019-06-13 10:50:42 UTC</createdTime>
<ownerDesignName>diag</ownerDesignName>
<useDomainConstraints>false</useDomainConstraints>
<use>1</use>
<logicalDatatype>LOGDT011</logicalDatatype>
<ownDataTypeParameters>,,</ownDataTypeParameters>
<previousColumn>false</previousColumn>
<autoIncrementCycle>false</autoIncrementCycle>
<associations>
<colAssociation fkAssociation="11B9977D-7ED1-25F4-0682-9611719F6B6C" referredColumn="D75815C3-9AB1-4620-6ACF-01E9493953F6"/>
</associations>
</Column>
</columns>
<indexes itemClass="oracle.dbtools.crest.model.design.relational.Index">
<ind_PK_UK id="023AAEBC-17BD-9C60-BD59-5C1F2851757E" name="Relation_9_PK">
<createdBy>Lab</createdBy>
<createdTime>2019-06-13 10:50:42 UTC</createdTime>
<ownerDesignName>diag</ownerDesignName>
<pk>true</pk>
<indexState>Primary Constraint</indexState>
<isSurrogateKey>false</isSurrogateKey>
<indexColumnUsage>
<colUsage columnID="904C5657-C322-4FB0-377F-44831B8470D7"/>
<colUsage columnID="E68517F9-EAFF-6F9F-F777-69E6618BAE85"/>
</indexColumnUsage>
</ind_PK_UK>
<ind_PK_UK id="B6128E6E-FD94-DFF1-1B5D-5722DCAB73EF" name="FK_ASS_10">
<createdBy>Lab</createdBy>
<createdTime>2019-06-13 10:50:42 UTC</createdTime>
<generatorID>5445609D-F68D-ADFB-FB2D-78F104FB20D4</generatorID>
<ownerDesignName>diag</ownerDesignName>
<indexState>Foreign Key</indexState>
<isSurrogateKey>false</isSurrogateKey>
<indexColumnUsage>
<colUsage columnID="904C5657-C322-4FB0-377F-44831B8470D7"/>
</indexColumnUsage>
</ind_PK_UK>
<ind_PK_UK id="BCBD9A32-FBCC-40D3-A38E-EDAE03005617" name="FK_ASS_11">
<createdBy>Lab</createdBy>
<createdTime>2019-06-13 10:50:42 UTC</createdTime>
<generatorID>5445609D-F68D-ADFB-FB2D-78F104FB20D4</generatorID>
<ownerDesignName>diag</ownerDesignName>
<indexState>Foreign Key</indexState>
<isSurrogateKey>false</isSurrogateKey>
<indexColumnUsage>
<colUsage columnID="E68517F9-EAFF-6F9F-F777-69E6618BAE85"/>
</indexColumnUsage>
</ind_PK_UK>
</indexes>
</Table>