<?xml version = '1.0' encoding = 'UTF-8'?>
<Table class="oracle.dbtools.crest.model.design.relational.Table" directorySegmentName="seg_0" id="8FACC74B-D3F8-125C-EDF1-AE144EA8648B" name="Wyjazd">
<createdBy>Lab</createdBy>
<createdTime>2019-06-13 10:50:42 UTC</createdTime>
<generatorID>F1876964-92EE-F18D-F563-662A109CC4E4</generatorID>
<ownerDesignName>diag</ownerDesignName>
<allowColumnReorder>false</allowColumnReorder>
<existDependencyGenerateInDDl>true</existDependencyGenerateInDDl>
<parsed>true</parsed>
<columns itemClass="oracle.dbtools.crest.model.design.relational.Column">
<Column name="nr_wyjazdu" id="AAA82663-8C7C-AEB6-571D-D2392D669F91">
<createdBy>Lab</createdBy>
<createdTime>2019-06-13 10:50:42 UTC</createdTime>
<generatorID>EFA439CD-BFED-8A20-DC37-56195BD0BBF4</generatorID>
<ownerDesignName>diag</ownerDesignName>
<useDomainConstraints>false</useDomainConstraints>
<use>1</use>
<logicalDatatype>LOGDT011</logicalDatatype>
<ownDataTypeParameters>,,</ownDataTypeParameters>
<autoIncrementCycle>false</autoIncrementCycle>
</Column>
<Column name="Terminy_nr_terminu" id="3154AB7C-BA9C-31E6-CED7-13DBBB39A2AB">
<createdBy>Lab</createdBy>
<createdTime>2019-06-13 10:50:42 UTC</createdTime>
<generatorID>C1DCBC43-5B3F-8276-663B-111C06D3B18F</generatorID>
<ownerDesignName>diag</ownerDesignName>
<useDomainConstraints>false</useDomainConstraints>
<use>1</use>
<logicalDatatype>LOGDT011</logicalDatatype>
<ownDataTypeParameters>,,</ownDataTypeParameters>
<previousColumn>false</previousColumn>
<autoIncrementCycle>false</autoIncrementCycle>
<associations>
<colAssociation fkAssociation="1B8BC391-4674-AEFB-FE1C-2A9BBB364364" referredColumn="6AB7BD58-D5A0-B7EC-BD19-8C01204AAE41"/>
</associations>
</Column>
<Column name="Wycieczka_nr_trasy" id="CE2A5BF8-D67E-24D1-6FB1-09E33812B4F8">
<createdBy>Lab</createdBy>
<createdTime>2019-06-13 10:50:42 UTC</createdTime>
<generatorID>C3764798-DE1F-7B75-BD56-2DD417294D4A</generatorID>
<ownerDesignName>diag</ownerDesignName>
<useDomainConstraints>false</useDomainConstraints>
<use>1</use>
<logicalDatatype>LOGDT011</logicalDatatype>
<ownDataTypeParameters>,,</ownDataTypeParameters>
<previousColumn>false</previousColumn>
<autoIncrementCycle>false</autoIncrementCycle>
<associations>
<colAssociation fkAssociation="B7E6F7D3-C697-0630-72FB-2F3BE6C669C5" referredColumn="C213AD31-A7A4-9FB6-B6A1-076EB7337063"/>
</associations>
</Column>
<Column name="Osoby_nr_osoby" id="BA42B301-3316-189F-2CC6-927781DA0416">
<createdBy>Lab</createdBy>
<createdTime>2019-06-13 10:50:42 UTC</createdTime>
<generatorID>DEDE14A3-BEAF-7C12-71F6-F9971E8853FD</generatorID>
<ownerDesignName>diag</ownerDesignName>
<useDomainConstraints>false</useDomainConstraints>
<use>1</use>
<logicalDatatype>LOGDT011</logicalDatatype>
<ownDataTypeParameters>,,</ownDataTypeParameters>
<previousColumn>false</previousColumn>
<autoIncrementCycle>false</autoIncrementCycle>
<associations>
<colAssociation fkAssociation="C76A736C-9E95-7E49-E5D3-28CB2C2EBAC4" referredColumn="D75815C3-9AB1-4620-6ACF-01E9493953F6"/>
</associations>
</Column>
<Column name="ilość_miejsc" id="37E54873-327C-F072-E8CA-9AC6A6E052AD">
<createdBy>Lab</createdBy>
<createdTime>2019-06-13 11:03:38 UTC</createdTime>
<generatorID>CAC9082E-E606-1E11-2676-1BF22F3EE9AF</generatorID>
<ownerDesignName>diag</ownerDesignName>
<nullsAllowed>true</nullsAllowed>
<useDomainConstraints>false</useDomainConstraints>
<use>1</use>
<logicalDatatype>LOGDT011</logicalDatatype>
<ownDataTypeParameters>,,</ownDataTypeParameters>
<autoIncrementCycle>false</autoIncrementCycle>
</Column>
</columns>
<indexes itemClass="oracle.dbtools.crest.model.design.relational.Index">
<ind_PK_UK id="6984715A-19EF-9FBD-20E4-5AD890CE1423" name="Wyjazd_PK">
<createdBy>Lab</createdBy>
<createdTime>2019-06-13 10:50:42 UTC</createdTime>
<generatorID>FB56B2DE-22EE-082F-3B99-202C15DD62C4</generatorID>
<ownerDesignName>diag</ownerDesignName>
<pk>true</pk>
<indexState>Primary Constraint</indexState>
<isSurrogateKey>false</isSurrogateKey>
<indexColumnUsage>
<colUsage columnID="AAA82663-8C7C-AEB6-571D-D2392D669F91"/>
</indexColumnUsage>
</ind_PK_UK>
<ind_PK_UK id="8838BE63-E219-3514-9F9A-EA92E25C27EB" name="Wyjazd_Terminy_FK">
<createdBy>Lab</createdBy>
<createdTime>2019-06-13 10:50:42 UTC</createdTime>
<generatorID>2301E6E8-9304-893C-4D25-D5FD5FE94D74</generatorID>
<ownerDesignName>diag</ownerDesignName>
<indexState>Foreign Key</indexState>
<isSurrogateKey>false</isSurrogateKey>
<indexColumnUsage>
<colUsage columnID="3154AB7C-BA9C-31E6-CED7-13DBBB39A2AB"/>
</indexColumnUsage>
</ind_PK_UK>
<ind_PK_UK id="9AFA366A-AD9D-7FEA-4BF8-1DBCF8575E33" name="Wyjazd_Wycieczka_FK">
<createdBy>Lab</createdBy>
<createdTime>2019-06-13 10:50:42 UTC</createdTime>
<generatorID>DE01A671-A0AE-2A7A-6608-E8C4420385CD</generatorID>
<ownerDesignName>diag</ownerDesignName>
<indexState>Foreign Key</indexState>
<isSurrogateKey>false</isSurrogateKey>
<indexColumnUsage>
<colUsage columnID="CE2A5BF8-D67E-24D1-6FB1-09E33812B4F8"/>
</indexColumnUsage>
</ind_PK_UK>
<ind_PK_UK id="5CEC97C1-BF42-A4B8-15CE-CE68F4D66FD5" name="Wyjazd_Osoby_FK">
<createdBy>Lab</createdBy>
<createdTime>2019-06-13 10:50:42 UTC</createdTime>
<generatorID>1257189C-672A-C19E-C3B9-CE84E3EC1F44</generatorID>
<ownerDesignName>diag</ownerDesignName>
<indexState>Foreign Key</indexState>
<isSurrogateKey>false</isSurrogateKey>
<indexColumnUsage>
<colUsage columnID="BA42B301-3316-189F-2CC6-927781DA0416"/>
</indexColumnUsage>
</ind_PK_UK>
</indexes>
</Table>