<?xml version = '1.0' encoding = 'UTF-8'?>
<Table class="oracle.dbtools.crest.model.design.relational.Table" directorySegmentName="seg_0" id="930E5428-0126-57EF-15E5-3A6FE6E92614" name="Transport">
<createdBy>Lab</createdBy>
<createdTime>2019-06-13 10:50:42 UTC</createdTime>
<generatorID>194005E3-EF2B-C714-6128-280B1AE19721</generatorID>
<ownerDesignName>diag</ownerDesignName>
<allowColumnReorder>false</allowColumnReorder>
<existDependencyGenerateInDDl>true</existDependencyGenerateInDDl>
<parsed>true</parsed>
<columns itemClass="oracle.dbtools.crest.model.design.relational.Column">
<Column name="nr_transportu" id="793F639F-9F89-6749-4DF5-F0C5EFE7B467">
<createdBy>Lab</createdBy>
<createdTime>2019-06-13 10:50:42 UTC</createdTime>
<generatorID>00B75C18-8479-85DE-4739-62B786585EF6</generatorID>
<ownerDesignName>diag</ownerDesignName>
<useDomainConstraints>false</useDomainConstraints>
<use>1</use>
<logicalDatatype>LOGDT011</logicalDatatype>
<ownDataTypeParameters>,,</ownDataTypeParameters>
<autoIncrementCycle>false</autoIncrementCycle>
</Column>
<Column name="rodzaj" id="C0AB7A1A-6F52-BE07-C151-E2F5BACE6970">
<createdBy>Lab</createdBy>
<createdTime>2019-06-13 10:50:42 UTC</createdTime>
<generatorID>C3E322E1-2FCC-A50A-EE6F-75CF841485FD</generatorID>
<ownerDesignName>diag</ownerDesignName>
<nullsAllowed>true</nullsAllowed>
<useDomainConstraints>false</useDomainConstraints>
<use>1</use>
<logicalDatatype>A3A3C77D-0366-9768-FF89-1C25E56881C8</logicalDatatype>
<ownDataTypeParameters>,,</ownDataTypeParameters>
<autoIncrementCycle>false</autoIncrementCycle>
</Column>
</columns>
<indexes itemClass="oracle.dbtools.crest.model.design.relational.Index">
<ind_PK_UK id="B6A3FDB1-F97D-409F-906E-B29A0E9BE80C" name="Transport_PK">
<createdBy>Lab</createdBy>
<createdTime>2019-06-13 10:50:42 UTC</createdTime>
<generatorID>C2445783-4EE2-655A-97B2-F1647DE68B8B</generatorID>
<ownerDesignName>diag</ownerDesignName>
<pk>true</pk>
<indexState>Primary Constraint</indexState>
<isSurrogateKey>false</isSurrogateKey>
<indexColumnUsage>
<colUsage columnID="793F639F-9F89-6749-4DF5-F0C5EFE7B467"/>
</indexColumnUsage>
</ind_PK_UK>
</indexes>
</Table>