<?xml version = '1.0' encoding = 'UTF-8'?>
<Table class="oracle.dbtools.crest.model.design.relational.Table" directorySegmentName="seg_0" id="D6724FB7-C1FB-7FFD-7CA6-EAFEFB409963" name="Koszt_i_miejsca">
<createdBy>Lab</createdBy>
<createdTime>2019-06-13 10:57:17 UTC</createdTime>
<generatorID>9F3C5CD4-0679-DD64-7D95-F7CA0BA3C9CC</generatorID>
<ownerDesignName>diag</ownerDesignName>
<allowColumnReorder>false</allowColumnReorder>
<existDependencyGenerateInDDl>true</existDependencyGenerateInDDl>
<parsed>true</parsed>
<columns itemClass="oracle.dbtools.crest.model.design.relational.Column">
<Column name="koszt" id="8630CA8B-3083-EE2C-48C7-C623424331E2">
<createdBy>Lab</createdBy>
<createdTime>2019-06-13 10:57:17 UTC</createdTime>
<generatorID>C125F1E3-C6B7-A359-9A28-13316742E6C9</generatorID>
<ownerDesignName>diag</ownerDesignName>
<nullsAllowed>true</nullsAllowed>
<useDomainConstraints>false</useDomainConstraints>
<use>1</use>
<logicalDatatype>LOGDT020</logicalDatatype>
<ownDataTypeParameters>,,</ownDataTypeParameters>
<autoIncrementCycle>false</autoIncrementCycle>
</Column>
<Column name="ilość_miejsc" id="DA06319A-F764-DDE9-4CBD-6F2E4C2ACCEF">
<createdBy>Lab</createdBy>
<createdTime>2019-06-13 10:57:17 UTC</createdTime>
<generatorID>5CB77C23-9CE9-889D-B148-3ACFC089C687</generatorID>
<ownerDesignName>diag</ownerDesignName>
<nullsAllowed>true</nullsAllowed>
<useDomainConstraints>false</useDomainConstraints>
<use>1</use>
<logicalDatatype>LOGDT011</logicalDatatype>
<ownDataTypeParameters>,,</ownDataTypeParameters>
<autoIncrementCycle>false</autoIncrementCycle>
</Column>
<Column name="Wyjazd_nr_wyjazdu" id="1EA8C421-A4E0-7439-465A-7DC45C602F37">
<createdBy>Lab</createdBy>
<createdTime>2019-06-13 10:57:17 UTC</createdTime>
<generatorID>DC711799-693E-9023-5258-87CFD7CF0118</generatorID>
<ownerDesignName>diag</ownerDesignName>
<useDomainConstraints>false</useDomainConstraints>
<use>1</use>
<logicalDatatype>LOGDT011</logicalDatatype>
<ownDataTypeParameters>,,</ownDataTypeParameters>
<previousColumn>false</previousColumn>
<autoIncrementCycle>false</autoIncrementCycle>
<associations>
<colAssociation fkAssociation="DE1C9A7D-6CB3-51CC-CE98-631B2AB3D816" referredColumn="AAA82663-8C7C-AEB6-571D-D2392D669F91"/>
</associations>
</Column>
<Column name="Transport_nr_transportu" id="CFC6932B-2C22-2C28-3120-B9969C294378">
<createdBy>Lab</createdBy>
<createdTime>2019-06-13 10:57:17 UTC</createdTime>
<generatorID>68348B62-B83B-3F33-0799-2A7ABB36E45E</generatorID>
<ownerDesignName>diag</ownerDesignName>
<useDomainConstraints>false</useDomainConstraints>
<use>1</use>
<logicalDatatype>LOGDT011</logicalDatatype>
<ownDataTypeParameters>,,</ownDataTypeParameters>
<previousColumn>false</previousColumn>
<autoIncrementCycle>false</autoIncrementCycle>
<associations>
<colAssociation fkAssociation="CF695542-E6CE-8737-599F-0D93D81DABF4" referredColumn="793F639F-9F89-6749-4DF5-F0C5EFE7B467"/>
</associations>
</Column>
</columns>
<indexes itemClass="oracle.dbtools.crest.model.design.relational.Index">
<ind_PK_UK id="3C4C0C8F-D5DE-BA06-A96E-5ABE115C414C" name="Koszt_i_miejsca_PK">
<createdBy>Lab</createdBy>
<createdTime>2019-06-13 10:57:17 UTC</createdTime>
<generatorID>9B63EF22-61C1-E329-C183-B05D915923A3</generatorID>
<ownerDesignName>diag</ownerDesignName>
<pk>true</pk>
<indexState>Primary Constraint</indexState>
<isSurrogateKey>false</isSurrogateKey>
<indexColumnUsage>
<colUsage columnID="1EA8C421-A4E0-7439-465A-7DC45C602F37"/>
<colUsage columnID="CFC6932B-2C22-2C28-3120-B9969C294378"/>
</indexColumnUsage>
</ind_PK_UK>
<ind_PK_UK id="155DBD48-982F-32D7-3F81-2426E1E99F35" name="Koszt_i_miejsca_Wyjazd_FK">
<createdBy>Lab</createdBy>
<createdTime>2019-06-13 10:57:17 UTC</createdTime>
<generatorID>8DE501AE-F13E-E0EA-25FF-2A7F2D486103</generatorID>
<ownerDesignName>diag</ownerDesignName>
<indexState>Foreign Key</indexState>
<isSurrogateKey>false</isSurrogateKey>
<indexColumnUsage>
<colUsage columnID="1EA8C421-A4E0-7439-465A-7DC45C602F37"/>
</indexColumnUsage>
</ind_PK_UK>
<ind_PK_UK id="C5CADEE3-093C-8BD3-E1EF-377AD04ACB10" name="Koszt_i_miejsca_Transport_FK">
<createdBy>Lab</createdBy>
<createdTime>2019-06-13 10:57:17 UTC</createdTime>
<generatorID>FA47E434-45A3-3282-61DA-AE383EB31883</generatorID>
<ownerDesignName>diag</ownerDesignName>
<indexState>Foreign Key</indexState>
<isSurrogateKey>false</isSurrogateKey>
<indexColumnUsage>
<colUsage columnID="CFC6932B-2C22-2C28-3120-B9969C294378"/>
</indexColumnUsage>
</ind_PK_UK>
</indexes>
</Table>